Papalina Gialla,99,760,1,,,,,,,Nomi ,,,1
Giuda,94,600,2,,,,,,,,,,2
Teamzuppi,97,580,3,,,,,,,,,,3
Mary__ac,98,580,3,,,,,,,,francesco,,4
Cris.tano,70,575,4,,,,,,,,,,5
acaciotta,98,570,5,,,,,,,,,,6
lapapessa334,97,570,5,,,,,,,,,,7
Anima_pia,93,570,5,,,,,,,,,,8
Papa2.0,96,570,5,,,,,,,,,,9
Orlandi83,96,565,6,,,,,,,,,,10
Nich10_11,95,560,7,,,,,,,,,,11
LCG,96,550,8,,,,,,,,,,12
Larosacremisi,97,545,9,,,,,,,,,,13
lascomunicata,99,545,9,,,,,,,,,,14
Voglio Zuppi,86,540,10,,,,,,,,,,15
becky.,92,540,10,,,,,,,,,,16
benitez,89,540,10,,,,,,,,,,17
Fanta Bolla Papale,99,535,11,,,,,,,,,,18
HitPope,97,535,11,,,,,,,,,,19
40denari,97,535,11,,,,,,,,,,20
MegliodiFrancescoNonSiPu√≥,85,530,12,,,,,,,,,,21
Dede,89,530,12,,,,,,,,,,22
IncappucciatiAnonimi,95,525,13,,,,,,,,,,23
Sibenik73,59,520,14,,,,,,,,,,24
Necca,96,515,15,,,,,,,,,,25
Jenni Airlines ,79,515,15,,,,,,,,,,26
Alala,86,515,15,,,,,,,,,,27
Bresciani Marco,93,515,15,,,,,,,,,,28
Lully,97,515,15,,,,,,,,,,29
Zuppichan,96,515,15,,,,,,,,,,30
Elena ,85,510,16,,,,,,,,,,31
Santa Marta ,95,510,16,,,,,,,,,,32
sottobosco,96,505,17,,,,,,,,,,
FrancyMancy ,96,505,17,,,,,,,,,,
alicecice,97,505,17,,,,,,,,,,
akaJuls,99,505,17,,,,,,,,,,
thebestpope,96,505,17,,,,,,,,,,
Mortompapa,98,505,17,,,,,,,,,,
papa v,85,500,18,,,,,,,,,,
Habemus Eka ,89,500,18,,,,,,,,,,
gggg,127,500,,,,,,,,,,,
Pao,97,500,18,,,,,,,,,,
adrcen,96,500,18,,,,,,,,,,
Marili,86,495,19,,,,,,,,,,
Nico,87,495,19,,,,,,,,,,
Luana,89,495,19,,,,,,,,,,
Nika_17,95,495,19,,,,,,,,,,
Poli95,86,495,19,,,,,,,,,,
Betty,92,495,19,,,,,,,,,,
papacarn√®,87,495,19,,,,,,,,,,
Marcoz96,94,495,19,,,,,,,,,,
Sonoquiperilplot,72,495,19,,,,,,,,,,
sonoquiperilplot,74,495,19,,,,,,,,,,
Papa-ratzi,94,490,20,,,,,,,,,,
etterina444,78,490,20,,,,,,,,,,
ManuPapa,85,490,20,,,,,,,,,,
Ginny,92,490,20,,,,,,,,,,
Innocenzius ,96,490,20,,,,,,,,,,
Alei,98,490,20,,,,,,,,,,
Francis90,86,480,21,,,,,,,,,,
Yas365,90,480,21,,,,,,,,,,
Logatto,75,480,21,,,,,,,,,,
Phi,91,480,21,,,,,,,,,,
Osanna,86,480,21,,,,,,,,,,
Kawa,89,480,21,,,,,,,,,,
Alis,89,480,21,,,,,,,,,,
Conclys,89,480,21,,,,,,,,,,
Nuntio Vobis,90,480,21,,,,,,,,,,
PapaLino,74,475,22,,,,,,,,,,
La Curia dei Campioni,75,475,22,,,,,,,,,,
Santa Marta,77,475,22,,,,,,,,,,
Anastasia,85,475,22,,,,,,,,,,
Ognimortedipapa,84,475,22,,,,,,,,,,
Virgii,89,475,22,,,,,,,,,,
chia,85,475,22,,,,,,,,,,
gajaa,86,475,22,,,,,,,,,,
PapAle25,97,470,23,,,,,,,,,,
SaraCassio,82,470,23,,,,,,,,,,
Anna,84,465,24,,,,,,,,,,
Crown00,84,465,24,,,,,,,,,,
Paperica,84,465,24,,,,,,,,,,
Not ordinary Papessa,88,465,24,,,,,,,,,,
NewPapa2k25,91,465,24,,,,,,,,,,
KateWazz,75,465,24,,,,,,,,,,
JamesMorgan,95,465,24,,,,,,,,,,
Jacobs,76,465,24,,,,,,,,,,
CDRsceglieIlPapa,85,460,25,,,,,,,,,,
Rocco PAPAleo,96,460,25,,,,,,,,,,
Papa Niciolo III,88,460,25,,,,,,,,,,
Verit√†Emanuelaorlandi,79,460,25,,,,,,,,,,
clafitzy,82,460,25,,,,,,,,,,
clafitzy,82,460,25,,,,,,,,,,
neripapa,82,460,25,,,,,,,,,,
Mara_thor,82,460,25,,,,,,,,,,
Ziadeda79,80,460,25,,,,,,,,,,
matteo sei tutti noi ,77,460,25,,,,,,,,,,
Elicimm,73,460,25,,,,,,,,,,
VivaLuis,85,460,25,,,,,,,,,,
habemussara,77,460,25,,,,,,,,,,
SanMargheII,75,455,26,,,,,,,,,,
Amarena,74,450,27,,,,,,,,,,
Lauracardinale,84,450,27,,,,,,,,,,
Chicco,74,450,27,,,,,,,,,,
Bibax,78,450,27,,,,,,,,,,
I Fantapapi,87,450,27,,,,,,,,,,
LauraElda,89,450,27,,,,,,,,,,
Papichulo,75,450,27,,,,,,,,,,
simone.aprea,88,445,28,,,,,,,,,,
fettabiscottata_6,87,445,28,,,,,,,,,,
papamobile,84,445,28,,,,,,,,,,
MatildePapessa,91,445,28,,,,,,,,,,
103esimopapa,76,440,29,,,,,,,,,,
Magalli ,90,440,29,,,,,,,,,,
giuli,87,440,29,,,,,,,,,,
Sara,89,440,29,,,,,,,,,,
Minions,84,440,29,,,,,,,,,,
chiara,95,435,30,,,,,,,,,,
Mononoke,85,435,30,,,,,,,,,,
Elyy997,71,435,30,,,,,,,,,,
Gata,81,435,30,,,,,,,,,,
MoniRoma04,97,435,30,,,,,,,,,,
Quelladelmeme,93,430,31,,,,,,,,,,
Zia marion,86,430,31,,,,,,,,,,
emyeme,93,430,31,,,,,,,,,,
Chiars,75,430,31,,,,,,,,,,
MakeVaticanGayAgain,84,430,31,,,,,,,,,,
ely_motta,75,430,31,,,,,,,,,,
Alex,80,430,31,,,,,,,,,,
TuSapessi,75,430,31,,,,,,,,,,
Ape con il Papa,84,430,31,,,,,,,,,,
Andromeca,85,430,31,,,,,,,,,,
PapaAVVIII,88,430,31,,,,,,,,,,
morsinhell ,79,430,31,,,,,,,,,,
Debbyh,76,425,32,,,,,,,,,,
Fedefica,92,425,32,,,,,,,,,,
Fra,89,425,32,,,,,,,,,,
Lookatlully,79,425,32,,,,,,,,,,
Violliee,86,425,32,,,,,,,,,,
Se ne rif√† un altro,84,425,32,,,,,,,,,,
Simopennylane,87,425,32,,,,,,,,,,
Neil Perry,89,425,32,,,,,,,,,,
Nuntio Vobis,86,425,32,,,,,,,,,,
FantaChiara,98,425,32,,,,,,,,,,
lalla,93,425,32,,,,,,,,,,
MIKELUM,95,425,32,,,,,,,,,,
Giada.Genchi,92,425,32,,,,,,,,,,
PapaSistoVI,86,425,32,,,,,,,,,,
mirrrrriam_,93,425,32,,,,,,,,,,
Sconcy,92,425,32,,,,,,,,,,
Dilettapot,87,425,32,,,,,,,,,,
domchaaa,94,425,32,,,,,,,,,,
Gottysquad ,75,420,33,,,,,,,,,,
Santarita,93,420,33,,,,,,,,,,
Visca,88,420,33,,,,,,,,,,
Chipsotto,90,420,33,,,,,,,,,,
Marty,88,420,33,,,,,,,,,,
Papasia,84,415,34,,,,,,,,,,
lagangdelpapa,87,415,34,,,,,,,,,,
HabemusLaura,97,415,34,,,,,,,,,,
lily va in chiesa ,88,415,34,,,,,,,,,,
breathesl,87,415,34,,,,,,,,,,
Too Pope To Handle,74,410,35,,,,,,,,,,
giuliaafurlan,77,410,35,,,,,,,,,,
Giadina,88,410,35,,,,,,,,,,
Mati,77,410,35,,,,,,,,,,
brunicss,84,410,35,,,,,,,,,,
MEDDYYYYYYY,74,410,35,,,,,,,,,,
St.Julius,77,410,35,,,,,,,,,,
Daddys ,76,410,35,,,,,,,,,,
Paparazzi,77,405,36,,,,,,,,,,
Lauraaasunta,77,405,36,,,,,,,,,,
Maika ,85,405,36,,,,,,,,,,
Pimpi,73,400,37,,,,,,,,,,
Habemus papam,78,400,37,,,,,,,,,,
Vvv888,68,400,37,,,,,,,,,,
Geo00,81,400,37,,,,,,,,,,
il grande francy ,71,400,37,,,,,,,,,,
Miky,68,400,37,,,,,,,,,,
paparino07,74,395,38,,,,,,,,,,
Lucia,65,395,38,,,,,,,,,,
irene9,83,395,38,,,,,,,,,,
GMKRUB,76,395,38,,,,,,,,,,
La papalina ,75,395,38,,,,,,,,,,
PapessaElodea,82,395,38,,,,,,,,,,
matteozuppigate,78,395,38,,,,,,,,,,
Daddys,78,395,38,,,,,,,,,,
Yasmine,78,395,38,,,,,,,,,,
Alaisa,80,395,38,,,,,,,,,,
porcopapa,83,395,38,,,,,,,,,,
dali,78,395,38,,,,,,,,,,
5x1000,78,395,38,,,,,,,,,,
FantaSya,78,395,38,,,,,,,,,,
RossPope,80,395,38,,,,,,,,,,
NAIL PERRY,75,395,38,,,,,,,,,,
SilviaV,74,395,38,,,,,,,,,,
Sere,77,395,38,,,,,,,,,,
Viva_la_tigre,79,395,38,,,,,,,,,,
lollapicolla,82,395,38,,,,,,,,,,
franczz,77,395,38,,,,,,,,,,
emmccricx ,76,395,38,,,,,,,,,,
fabiooo,70,395,38,,,,,,,,,,
AlessioSarasino,72,395,38,,,,,,,,,,
SanBon,77,390,39,,,,,,,,,,
SIR LEONIDAS,65,390,39,,,,,,,,,,
LAPAPESSA,77,390,39,,,,,,,,,,
fantagaietta,77,385,40,,,,,,,,,,
Lau.rac,69,385,40,,,,,,,,,,
Giuli17,83,385,40,,,,,,,,,,
Paparazzi,81,385,40,,,,,,,,,,
Sabry,82,385,40,,,,,,,,,,
Sabs,73,385,40,,,,,,,,,,
Another-one,82,385,40,,,,,,,,,,
Manutelomettonelanu,81,385,40,,,,,,,,,,
Lapapessa,82,385,40,,,,,,,,,,
Giulia ,81,385,40,,,,,,,,,,
Lore_25,73,385,40,,,,,,,,,,
Papini,75,385,40,,,,,,,,,,
Berto94,89,385,40,,,,,,,,,,
SuorGertrude,70,385,40,,,,,,,,,,
giulia l'immensa,71,385,40,,,,,,,,,,
Loladeborbonis,72,380,41,,,,,,,,,,
Minions ii,78,380,41,,,,,,,,,,
Ziaiaia,83,380,41,,,,,,,,,,
Suor Ciufola,109,380,,,,,,,,,,,
Cleeliiia,78,375,42,,,,,,,,,,
Papanicolaou ,79,375,42,,,,,,,,,,
vinsss,74,375,42,,,,,,,,,,
BimbiDiZuppi,65,370,43,,,,,,,,,,
liuzpope,79,370,43,,,,,,,,,,
Conclavina,80,370,43,,,,,,,,,,
Giorgia,81,365,44,,,,,,,,,,
Giulia,82,365,44,,,,,,,,,,
_Suri_91_,106,365,,,,,,,,,,,
anapapa,73,365,44,,,,,,,,,,
Turetts II,107,365,,,,,,,,,,,
AvemusMaria,108,365,,,,,,,,,,,
AvemusMaria,106,365,,,,,,,,,,,
Lyuon,107,365,,,,,,,,,,,
pvristoo,77,360,45,,,,,,,,,,
carlottarizzo ,77,360,45,,,,,,,,,,
Jacopo,83,360,45,,,,,,,,,,
alessya,73,360,45,,,,,,,,,,
RIDOPOCO,79,360,45,,,,,,,,,,
bribri,88,360,45,,,,,,,,,,
bribri,80,360,45,,,,,,,,,,
SponsiPrimissi,74,360,45,,,,,,,,,,
Cardibratm,84,360,45,,,,,,,,,,
Guesus guys,75,360,45,,,,,,,,,,
I papabili ,71,360,45,,,,,,,,,,
Victoriaestmea,79,355,46,,,,,,,,,,
Titawad,74,355,46,,,,,,,,,,
Suor Passera,79,350,47,,,,,,,,,,
Vikimicapizzaefiki,79,350,47,,,,,,,,,,
Silver,108,350,,,,,,,,,,,
StephignoVIII,108,350,,,,,,,,,,,
PapaFerruzzi,109,350,,,,,,,,,,,
Gege,107,350,,,,,,,,,,,
Raphael73 ,109,350,,,,,,,,,,,
PAPA PPERO ,81,350,47,,,,,,,,,,
Pietro Orlandi,107,350,,,,,,,,,,,
ooh.laviniaa,108,350,,,,,,,,,,,
erri,107,350,,,,,,,,,,,
fantapapa,106,350,,,,,,,,,,,
Sarabess,107,350,,,,,,,,,,,
Leta,109,350,,,,,,,,,,,
sasi,97,350,47,,,,,,,,,,
Fraa,107,350,,,,,,,,,,,
ConclAvengers,108,350,,,,,,,,,,,
Habemus Enricus,105,350,,,,,,,,,,,
granrico,107,350,,,,,,,,,,,
Cilla1288,108,350,,,,,,,,,,,
Giuggi,67,345,48,,,,,,,,,,
Megabunda,71,345,48,,,,,,,,,,
Sua santit√† ,106,345,,,,,,,,,,,
Stella I,64,340,49,,,,,,,,,,
Papaggio,72,340,49,,,,,,,,,,
Pirry3,105,340,,,,,,,,,,,
CardinaleTedescoEnjoyer,97,340,49,,,,,,,,,,
PAPA ALBERTO VII,109,340,,,,,,,,,,,
giurss,108,340,,,,,,,,,,,
emanuela orlandi ,106,340,,,,,,,,,,,
papatolle ,107,340,,,,,,,,,,,
papessasofiasimonetta,107,340,,,,,,,,,,,
Papa Cesare IC,100,340,49,,,,,,,,,,
lucy,71,340,49,,,,,,,,,,
ele.deb,98,340,49,,,,,,,,,,
PapaMarco,108,340,,,,,,,,,,,
Moniedda,65,335,50,,,,,,,,,,
stocazzo ,68,335,50,,,,,,,,,,
Ceci2324,107,335,,,,,,,,,,,
Halo I,108,335,,,,,,,,,,,
Nello - Pizzabballa,109,335,,,,,,,,,,,
maaisec,97,335,50,,,,,,,,,,
papacinese,63,335,50,,,,,,,,,,
Francescomarrone,98,335,50,,,,,,,,,,
Papappone,100,335,50,,,,,,,,,,
WinZipPope,77,330,51,,,,,,,,,,
BimbadiZuppi,63,330,51,,,,,,,,,,
lolaa,83,330,51,,,,,,,,,,
Susy ,66,330,51,,,,,,,,,,
abemuspapam,72,330,51,,,,,,,,,,
papAlice,73,330,51,,,,,,,,,,
Simomangiapreti,68,330,51,,,,,,,,,,
Milusss,63,330,51,,,,,,,,,,
Suora Elisabetta ,66,330,51,,,,,,,,,,
nostrablamus,72,330,51,,,,,,,,,,
labimbadizuppi‚ù§Ô∏è,67,330,51,,,,,,,,,,
menx ,67,330,51,,,,,,,,,,
Dominum Franciscus,72,330,51,,,,,,,,,,
Britzz99,71,330,51,,,,,,,,,,
MartyKito,100,330,51,,,,,,,,,,
Fratech,100,330,51,,,,,,,,,,
MadreSuperiora95,98,330,51,,,,,,,,,,
Ivy,66,330,51,,,,,,,,,,
conclanix,102,330,,,,,,,,,,,
Sancta Elena Maxima ,101,330,,,,,,,,,,,
Mirko,106,330,,,,,,,,,,,
Sorella Rachele,95,330,51,,,,,,,,,,
Gio07M,97,330,51,,,,,,,,,,
Albertino_567,97,330,51,,,,,,,,,,
Dopomissitaliaavremoilpapanero,98,330,51,,,,,,,,,,
alessia,105,330,,,,,,,,,,,
Halo I ,104,330,,,,,,,,,,,
sandro,109,325,,,,,,,,,,,
beamere03,109,325,,,,,,,,,,,
Ghiro03,108,325,,,,,,,,,,,
@mari,108,325,,,,,,,,,,,
Mario,109,325,,,,,,,,,,,
DanyMarty,109,325,,,,,,,,,,,
Tozzifan,107,325,,,,,,,,,,,
benitezzz,108,325,,,,,,,,,,,
francesco ii ,108,325,,,,,,,,,,,
Papaoutai,95,325,52,,,,,,,,,,
Dobro,97,325,52,,,,,,,,,,
Lorispe,98,325,52,,,,,,,,,,
Mikbif12 ,99,325,52,,,,,,,,,,
Celestino V,99,325,52,,,,,,,,,,
Vale10adp,102,325,,,,,,,,,,,
Fabryfaso22,99,325,52,,,,,,,,,,
meg_megles,105,325,,,,,,,,,,,
Edo,98,325,52,,,,,,,,,,
Giddi,99,325,52,,,,,,,,,,
Don77,96,325,52,,,,,,,,,,
Rix71,98,325,52,,,,,,,,,,
gio_tst14,99,325,52,,,,,,,,,,
Mel,97,325,52,,,,,,,,,,
Sofia,63,320,53,,,,,,,,,,
daje,77,320,53,,,,,,,,,,
carlottapapa,64,320,53,,,,,,,,,,
Claudix,69,320,53,,,,,,,,,,
Laurella,74,320,53,,,,,,,,,,
papafrancicimancherai,102,320,,,,,,,,,,,
GiuliaVolt,100,320,53,,,,,,,,,,
Valery,98,320,53,,,,,,,,,,
Lelouch,96,320,53,,,,,,,,,,
PapaRazzi,105,320,,,,,,,,,,,
LollyPOPE,98,320,53,,,,,,,,,,
Chicca,96,320,53,,,,,,,,,,
666,97,320,53,,,,,,,,,,
Ludoo,100,320,53,,,,,,,,,,
Profetessa Vaticana,97,320,53,,,,,,,,,,
BonifacioVIII,103,320,,,,,,,,,,,
Alerto,101,320,,,,,,,,,,,
Papa kuma I,94,320,53,,,,,,,,,,
Ale,94,320,53,,,,,,,,,,
giadus,97,320,53,,,,,,,,,,
papafrancicimancherai,102,320,,,,,,,,,,,
habemus chiara,98,320,53,,,,,,,,,,
Varda,96,320,53,,,,,,,,,,
Frax77,97,320,53,,,,,,,,,,
pasquale.vacca_010,97,320,53,,,,,,,,,,
Manuel,98,320,53,,,,,,,,,,
Papessa,93,320,53,,,,,,,,,,
adri_02,104,320,,,,,,,,,,,
Nickungn,107,320,,,,,,,,,,,
Borgo38,103,320,,,,,,,,,,,
ClerClave,100,320,53,,,,,,,,,,
FVLGOR,100,320,53,,,,,,,,,,
martina,100,320,53,,,,,,,,,,
Giorgina,97,320,53,,,,,,,,,,
Wcard.zuppi,97,315,54,,,,,,,,,,
Chiaris04,99,315,54,,,,,,,,,,
Aliceü¶≠‚ú®,98,315,54,,,,,,,,,,
Conclaculi,100,315,54,,,,,,,,,,
fro90fro,108,315,,,,,,,,,,,
zuppadicardinali,96,315,54,,,,,,,,,,
sil_laba,98,315,54,,,,,,,,,,
desidegiaaa,108,315,,,,,,,,,,,
Oirsmo_0,107,315,,,,,,,,,,,
PapaSistoSesto,97,315,54,,,,,,,,,,
Pizzaballa,99,315,54,,,,,,,,,,
Penguins1,98,315,54,,,,,,,,,,
PapaRisu,95,315,54,,,,,,,,,,
Papinisss,98,315,54,,,,,,,,,,
_Chiara_235,104,315,,,,,,,,,,,
Sono papabile,100,315,54,,,,,,,,,,
Cardinal Ernesto,96,315,54,,,,,,,,,,
habemustonno ,98,315,54,,,,,,,,,,
Santissima_trinit√†,98,315,54,,,,,,,,,,
ani,98,315,54,,,,,,,,,,
Mastro Yoda,106,315,,,,,,,,,,,
CelticShanti,104,315,,,,,,,,,,,
Bene03,97,315,54,,,,,,,,,,
Ade,96,315,54,,,,,,,,,,
Aloisius,99,315,54,,,,,,,,,,
Zuppin‚Äôs ,95,315,54,,,,,,,,,,
Xena,102,315,,,,,,,,,,,
Merlo,97,315,54,,,,,,,,,,
gioakastella ,96,315,54,,,,,,,,,,
Rocco2025,105,315,,,,,,,,,,,
Formoso1,97,315,54,,,,,,,,,,
Chiara,104,315,,,,,,,,,,,
Mile,96,315,54,,,,,,,,,,
michele.tuc,99,315,54,,,,,,,,,,
La papessa,103,315,,,,,,,,,,,
Mikeligna90,106,315,,,,,,,,,,,
Josh,100,315,54,,,,,,,,,,
Zuppina,96,315,54,,,,,,,,,,
Vaticonclave,99,315,54,,,,,,,,,,
Gen95,105,315,,,,,,,,,,,
Frafra,99,315,54,,,,,,,,,,
Antony,97,315,54,,,,,,,,,,
Lautaro85,97,315,54,,,,,,,,,,
Mar7tina,105,315,,,,,,,,,,,
Outsider ,106,315,,,,,,,,,,,
Kl4r3tta,99,315,54,,,,,,,,,,
niamh ;),99,315,54,,,,,,,,,,
Lina ,98,315,54,,,,,,,,,,
avemarina,98,315,54,,,,,,,,,,
Rebep ,98,315,54,,,,,,,,,,
livv,96,315,54,,,,,,,,,,
Peppe_nino,105,315,,,,,,,,,,,
Michela,103,315,,,,,,,,,,,
Peppe,100,315,54,,,,,,,,,,
Frank07,101,315,,,,,,,,,,,
Alessandro Magno,98,315,54,,,,,,,,,,
Alessandro Magno ,98,315,54,,,,,,,,,,
Pap_pa al pomodoro,99,315,54,,,,,,,,,,
Fontanini82 ,103,315,,,,,,,,,,,
Livrieri Fc,105,315,,,,,,,,,,,
Martin Luther King,105,315,,,,,,,,,,,
Chiara,98,315,54,,,,,,,,,,
Alessandro Magno ,97,315,54,,,,,,,,,,
Arojan,65,310,55,,,,,,,,,,
Aronoele,98,310,55,,,,,,,,,,
macheneso,100,310,55,,,,,,,,,,
Piri,97,310,55,,,,,,,,,,
Papa Paolo VII,89,310,55,,,,,,,,,,
LulyR06,97,310,55,,,,,,,,,,
noemim,94,310,55,,,,,,,,,,
Lilo,86,310,55,,,,,,,,,,
Falso,98,310,55,,,,,,,,,,
Giuks23,97,310,55,,,,,,,,,,
Che ve lo dico a fa,96,310,55,,,,,,,,,,
Atletico Apostolico,98,310,55,,,,,,,,,,
giorgiaforchurch  ,105,310,,,,,,,,,,,
Francy,102,310,,,,,,,,,,,
Dege02,96,305,56,,,,,,,,,,
Conclaross,99,305,56,,,,,,,,,,
Papessa Valentina Del Mainagioia,98,305,56,,,,,,,,,,
Koke,104,305,,,,,,,,,,,
marcy,96,305,56,,,,,,,,,,
Lapapessa2,108,305,,,,,,,,,,,
Otter,97,305,56,,,,,,,,,,
scianny,98,305,56,,,,,,,,,,
Pericolo anarchico ,108,305,,,,,,,,,,,
Erchomai,108,305,,,,,,,,,,,
Elfino,100,305,56,,,,,,,,,,
Santa Laura da Brescia ,98,305,56,,,,,,,,,,
Lady Fish,109,305,,,,,,,,,,,
ClaudiaTaddea,101,305,,,,,,,,,,,
DajeRomaDaje,107,305,,,,,,,,,,,
chiaretta,102,305,,,,,,,,,,,
allegrus ,97,305,56,,,,,,,,,,
Mosquito,97,305,56,,,,,,,,,,
IlConclavis,108,305,,,,,,,,,,,
Santi pirulini,71,300,57,,,,,,,,,,
Annanas,100,300,57,,,,,,,,,,
Nicepawer7 ,106,300,,,,,,,,,,,
daiRaga190,95,300,57,,,,,,,,,,
ConclAgne,98,300,57,,,,,,,,,,
Beaaaa333,98,300,57,,,,,,,,,,
Eleonora,99,300,57,,,,,,,,,,
Ross ,97,300,57,,,,,,,,,,
Skywalker ,101,300,,,,,,,,,,,
Botti_05,97,300,57,,,,,,,,,,
Crudelio DeMon,98,300,57,,,,,,,,,,
asiaa8,99,300,57,,,,,,,,,,
GiorgioM,89,300,57,,,,,,,,,,
giorgioms,90,300,57,,,,,,,,,,
Papiamoci,96,300,57,,,,,,,,,,
aleferla99,99,300,57,,,,,,,,,,
Paperfedem,90,300,57,,,,,,,,,,
Silviamin96,90,300,57,,,,,,,,,,
La Sarda,86,300,57,,,,,,,,,,
papa ratzinger ,80,295,58,,,,,,,,,,
Ilpolipo,65,295,58,,,,,,,,,,
Ric1501,63,295,58,,,,,,,,,,
Sofia99,103,295,,,,,,,,,,,
La Fumata Bianca ,106,295,,,,,,,,,,,
PapaWaigo,104,295,,,,,,,,,,,
matteo,107,295,,,,,,,,,,,
Thomasse,97,295,58,,,,,,,,,,
G,102,295,,,,,,,,,,,
Fedee05,96,295,58,,,,,,,,,,
Mirkob1991,108,295,,,,,,,,,,,
Any,102,295,,,,,,,,,,,
ruben ,97,295,58,,,,,,,,,,
Innocesso69,99,295,58,,,,,,,,,,
Seconda lettera ai corinzi ,107,295,,,,,,,,,,,
Suor Concetta,107,295,,,,,,,,,,,
Zupper,106,295,,,,,,,,,,,
Mba_tony11,108,295,,,,,,,,,,,
Moony,106,295,,,,,,,,,,,
Fantapapalina ,91,295,58,,,,,,,,,,
forsehabemuspapam,90,295,58,,,,,,,,,,
sim.one,90,295,58,,,,,,,,,,
Fil,85,295,58,,,,,,,,,,
Banano,100,295,58,,,,,,,,,,
Celestino V,107,295,,,,,,,,,,,
mimmy1313,64,290,59,,,,,,,,,,
PapAle,73,290,59,,,,,,,,,,
Karma,72,290,59,,,,,,,,,,
Il porcio,68,290,59,,,,,,,,,,
Lord,97,290,59,,,,,,,,,,
daniele0,97,290,59,,,,,,,,,,
pietro_dez,104,290,,,,,,,,,,,
Bimba del papa 92,100,290,59,,,,,,,,,,
VanessAxl,97,290,59,,,,,,,,,,
Fagott√¨,105,290,,,,,,,,,,,
JireneAx,97,290,59,,,,,,,,,,
emanuele01,100,290,59,,,,,,,,,,
Sa.vassallo,97,290,59,,,,,,,,,,
Papamobile ,96,290,59,,,,,,,,,,
SandrinaPapalina,98,290,59,,,,,,,,,,
martaa,105,290,,,,,,,,,,,
Riccardinal ,98,290,59,,,,,,,,,,
SS.Giubilea,98,290,59,,,,,,,,,,
SS.Giubilea,98,290,59,,,,,,,,,,
SS.Giubilea,98,290,59,,,,,,,,,,
Fil11,98,290,59,,,,,,,,,,
Ut Theca,104,290,,,,,,,,,,,
papa boys,98,290,59,,,,,,,,,,
Leo,104,290,,,,,,,,,,,
Gloria a Dio,98,290,59,,,,,,,,,,
Mara ,103,290,,,,,,,,,,,
Dominus Fanta,98,290,59,,,,,,,,,,
dan,103,290,,,,,,,,,,,
Ciu,90,290,59,,,,,,,,,,
Papa2025,97,290,59,,,,,,,,,,
Valeghi,107,290,,,,,,,,,,,
trallallero trallalla,98,290,59,,,,,,,,,,
lindazan,104,290,,,,,,,,,,,
PapessaVale,104,290,,,,,,,,,,,
annalinda,104,290,,,,,,,,,,,
Becca G.,88,290,59,,,,,,,,,,
Il Camerlengo ,96,290,59,,,,,,,,,,
cicemastro,105,290,,,,,,,,,,,
FantaPope,107,290,,,,,,,,,,,
Papa Lorenzo Primo ,98,290,59,,,,,,,,,,
Papa Lorenzo Primo,98,290,59,,,,,,,,,,
Owen,93,290,59,,,,,,,,,,
kekkazz,96,290,59,,,,,,,,,,
Mapessa,94,290,59,,,,,,,,,,
martina,100,290,59,,,,,,,,,,
BergoglioII,100,290,59,,,,,,,,,,
Frank,97,290,59,,,,,,,,,,
GeneLee_25,99,290,59,,,,,,,,,,
John24,105,290,,,,,,,,,,,
Dami_cav,86,290,59,,,,,,,,,,
Pilipini ,97,290,59,,,,,,,,,,
HabemusBoss,100,290,59,,,,,,,,,,
AVEmofame,85,290,59,,,,,,,,,,
Greenpine Velasio,94,290,59,,,,,,,,,,
Conclavengers,99,290,59,,,,,,,,,,
auruscusc,89,290,59,,,,,,,,,,
Anna Patong,69,285,60,,,,,,,,,,
Francobollo,101,285,,,,,,,,,,,
Santa Gregoria,97,285,60,,,,,,,,,,
Silly,107,285,,,,,,,,,,,
TrallaleroPapa,106,285,,,,,,,,,,,
Miccina01,103,285,,,,,,,,,,,
QueenMary94 ,107,285,,,,,,,,,,,
Papagirl,96,285,60,,,,,,,,,,
Giuks23,103,285,,,,,,,,,,,
Bimba di Franci,108,285,,,,,,,,,,,
Saraserr,106,285,,,,,,,,,,,
OracoloDiDelfi,103,285,,,,,,,,,,,
ila,108,285,,,,,,,,,,,
gregre,94,285,60,,,,,,,,,,
giuuuuu,106,285,,,,,,,,,,,
LaudatoSii12,106,285,,,,,,,,,,,
Annapapaconclave,107,285,,,,,,,,,,,
occhiuto_96,103,285,,,,,,,,,,,
iooovagabondochesonio,107,285,,,,,,,,,,,
AlessiaPapessa,96,285,60,,,,,,,,,,
AstroBrando,100,285,60,,,,,,,,,,
Fedez,106,285,,,,,,,,,,,
Habemuspapa,106,285,,,,,,,,,,,
flexinconclave,100,285,60,,,,,,,,,,
Meoow,109,285,,,,,,,,,,,
The future Pope Francesco,108,285,,,,,,,,,,,
Papa Giovanni Paolo III,107,285,,,,,,,,,,,
Taglerino ,106,285,,,,,,,,,,,
Alice,107,285,,,,,,,,,,,
Pope87,107,285,,,,,,,,,,,
Rione Sanit√†,107,285,,,,,,,,,,,
lamarto,108,285,,,,,,,,,,,
Pater Coctum Ovum ,107,285,,,,,,,,,,,
Zito lovumbo,108,285,,,,,,,,,,,
Luci,108,285,,,,,,,,,,,
righezz,94,285,60,,,,,,,,,,
Papipapabili,108,285,,,,,,,,,,,
Procion,109,285,,,,,,,,,,,
Don Domenico ,106,285,,,,,,,,,,,
Cardinalchic,108,285,,,,,,,,,,,
melamelinda,108,285,,,,,,,,,,,
Zuppi4pope,108,285,,,,,,,,,,,
Sebas81,108,285,,,,,,,,,,,
AleDestinyX,108,285,,,,,,,,,,,
PapaNero,108,285,,,,,,,,,,,
annaaaa,92,285,60,,,,,,,,,,
ilaria! ,86,285,60,,,,,,,,,,
ZuppiHaiIlmio‚ù§Ô∏è,87,285,60,,,,,,,,,,
PapaJean I,94,285,60,,,,,,,,,,
Suor Veronica ,92,285,60,,,,,,,,,,
L'iradivina,91,285,60,,,,,,,,,,
Fabybho,95,285,60,,,,,,,,,,
Lele,93,285,60,,,,,,,,,,
Zuppinelcuore ,95,285,60,,,,,,,,,,
Buttercip,93,285,60,,,,,,,,,,
scorreggina cappuccina thum thum saur,85,285,60,,,,,,,,,,
Stok,85,285,60,,,,,,,,,,
marta,100,285,60,,,,,,,,,,
Bustio,84,285,60,,,,,,,,,,
GuendalinaBlabla,85,285,60,,,,,,,,,,
Sage01,98,285,60,,,,,,,,,,
DonMatteo,102,285,,,,,,,,,,,
Lory,86,285,60,,,,,,,,,,
Fede2010,86,285,60,,,,,,,,,,
PigiamaMarco,87,285,60,,,,,,,,,,
papa-ratzy,86,285,60,,,,,,,,,,
Gaia Divina ,95,285,60,,,,,,,,,,
ziopera,89,285,60,,,,,,,,,,
Gioggiii01,95,285,60,,,,,,,,,,
Papa Rifki XXK,89,285,60,,,,,,,,,,
Lisa_Larissa,85,285,60,,,,,,,,,,
chia,100,285,60,,,,,,,,,,
Papessa23,83,285,60,,,,,,,,,,
Chiarina,83,285,60,,,,,,,,,,
Svevaz,100,285,60,,,,,,,,,,
juga,95,285,60,,,,,,,,,,
Isa.Svapna,87,285,60,,,,,,,,,,
popefrancis,85,285,60,,,,,,,,,,
EleMadonnneCiProteggono,92,285,60,,,,,,,,,,
Matisse25,97,285,60,,,,,,,,,,
Papelepapele01,90,285,60,,,,,,,,,,
POP(p)E,90,285,60,,,,,,,,,,
Panino alla Nutella,84,285,60,,,,,,,,,,
AnnaM,98,285,60,,,,,,,,,,
Elvy,93,285,60,,,,,,,,,,
Papapapabile ,89,285,60,,,,,,,,,,
Ballerina Cappuccina,89,285,60,,,,,,,,,,
Bonifax,94,285,60,,,,,,,,,,
cryinginitalian ,93,285,60,,,,,,,,,,
Ponte Kutno King,89,285,60,,,,,,,,,,
Laspedi,85,285,60,,,,,,,,,,
chiarella_teapot,96,285,60,,,,,,,,,,
SALGARI,92,285,60,,,,,,,,,,
Nick,93,280,61,,,,,,,,,,
Rip papa,97,280,61,,,,,,,,,,
Queen Ale‚ú®,98,280,61,,,,,,,,,,
G74,98,280,61,,,,,,,,,,
Sakura1024,97,280,61,,,,,,,,,,
Papalina82,104,280,,,,,,,,,,,
MimiintheVatican_,104,280,,,,,,,,,,,
Tir,105,280,,,,,,,,,,,
Valepopididi1925,105,280,,,,,,,,,,,
Habemus Papam Pio XVl,105,280,,,,,,,,,,,
merrygrace,97,280,61,,,,,,,,,,
the paladin,106,280,,,,,,,,,,,
La papessa,97,280,61,,,,,,,,,,
Tonymor90,104,280,,,,,,,,,,,
"Zuppi, scelgo te!",98,280,61,,,,,,,,,,
Jack_,105,280,,,,,,,,,,,
Glo,98,280,61,,,,,,,,,,
Moniamour,97,280,61,,,,,,,,,,
Cami16,98,280,61,,,,,,,,,,
gugols,98,280,61,,,,,,,,,,
HABEMUSMAGNO97,102,280,,,,,,,,,,,
muccavolante12,98,280,61,,,,,,,,,,
Simba77m,104,280,,,,,,,,,,,
iosonoio011,96,280,61,,,,,,,,,,
Sorella Deb,103,280,,,,,,,,,,,
saexpazzo,106,280,,,,,,,,,,,
ROSSY,57,275,62,,,,,,,,,,
comi ,106,275,,,,,,,,,,,
PapalSniper,59,275,62,,,,,,,,,,
Papa Alice,99,275,62,,,,,,,,,,
APERICONCLAVE,106,275,,,,,,,,,,,
Eli,106,275,,,,,,,,,,,
Neayss,108,275,,,,,,,,,,,
asiamrz,108,275,,,,,,,,,,,
Sam271193,93,275,62,,,,,,,,,,
Carly,91,275,62,,,,,,,,,,
Il Camerlengo,107,275,,,,,,,,,,,
Tommyy,107,275,,,,,,,,,,,
sgnapuz,89,275,62,,,,,,,,,,
precious üí§,106,275,,,,,,,,,,,
mati,97,275,62,,,,,,,,,,
valeriaVII,109,275,,,,,,,,,,,
Southern Pope,108,275,,,,,,,,,,,
Biziaclave,108,275,,,,,,,,,,,
W Ges√π,107,275,,,,,,,,,,,
Benny,108,275,,,,,,,,,,,
Papa Vito I,107,275,,,,,,,,,,,
Mattia1234,109,275,,,,,,,,,,,
EileenFanny26,85,275,62,,,,,,,,,,
martuzpapessa,85,275,62,,,,,,,,,,
Domina Conclavis,93,275,62,,,,,,,,,,
Giovanni XXIV,92,275,62,,,,,,,,,,
Tavei,92,275,62,,,,,,,,,,
SorellonaVale,90,275,62,,,,,,,,,,
Terrius ,91,275,62,,,,,,,,,,
giovanni paolo I,86,275,62,,,,,,,,,,
Sara2000,86,275,62,,,,,,,,,,
vatican team,89,275,62,,,,,,,,,,
Papaboys,93,275,62,,,,,,,,,,
biionda,86,275,62,,,,,,,,,,
Arianna&Federico,90,275,62,,,,,,,,,,
Che Dio ci assista,89,275,62,,,,,,,,,,
Veronica,85,275,62,,,,,,,,,,
Ratzinger vero papa,93,275,62,,,,,,,,,,
Monaca del Piave,98,275,62,,,,,,,,,,
ratzingerveropapa,98,275,62,,,,,,,,,,
Caro,93,275,62,,,,,,,,,,
Don Perm,99,275,62,,,,,,,,,,
Elle,85,275,62,,,,,,,,,,
Batuffolina90,55,270,63,,,,,,,,,,
"Cece, la Papessa",56,270,63,,,,,,,,,,
Stefy,53,270,63,,,,,,,,,,
pingiada,54,270,63,,,,,,,,,,
GR,54,270,63,,,,,,,,,,
cice222,101,270,,,,,,,,,,,
kingdelle,95,270,63,,,,,,,,,,
Sara0501,97,270,63,,,,,,,,,,
DiveDiDio‚ú®ü™Ω,100,270,63,,,,,,,,,,
Angila,98,270,63,,,,,,,,,,
Gi√≤Leo ,89,270,63,,,,,,,,,,
Gretaperzuppi,98,270,63,,,,,,,,,,
Jele,102,270,,,,,,,,,,,
BALUBA FC,95,270,63,,,,,,,,,,
la vale,101,270,,,,,,,,,,,
valedamo ,100,270,63,,,,,,,,,,
AntoPio,96,270,63,,,,,,,,,,
francyfrancy ,99,270,63,,,,,,,,,,
In God we trust,81,270,63,,,,,,,,,,
Elisapagliarii,98,270,63,,,,,,,,,,
auroradicocco ,98,270,63,,,,,,,,,,
dea1913,104,270,,,,,,,,,,,
Piccolaelo,103,270,,,,,,,,,,,
emmasindaco,107,270,,,,,,,,,,,
Hollino ,100,270,63,,,,,,,,,,
PapaPerol ,92,265,64,,,,,,,,,,
La sarda,98,265,64,,,,,,,,,,
Go-jo,98,265,64,,,,,,,,,,
M√ºntzer,95,265,64,,,,,,,,,,
donmatteoviveabolo,99,265,64,,,,,,,,,,
Alissxfantaconclave,96,265,64,,,,,,,,,,
Erciulazz,96,265,64,,,,,,,,,,
PapaRazzi,94,265,64,,,,,,,,,,
Le Petronelle,95,265,64,,,,,,,,,,
Mariii ,98,265,64,,,,,,,,,,
Tommy08,89,265,64,,,,,,,,,,
Giul,95,265,64,,,,,,,,,,
Lions,92,265,64,,,,,,,,,,
Mara22,91,265,64,,,,,,,,,,
Lalla ,94,265,64,,,,,,,,,,
Grazia dei miracoli ,54,260,65,,,,,,,,,,
Paparissima,100,260,65,,,,,,,,,,
Gabry,94,260,65,,,,,,,,,,
vavleris,85,260,65,,,,,,,,,,
Celestino Vüòé,97,260,65,,,,,,,,,,
Firelli,98,260,65,,,,,,,,,,
isaaa,98,260,65,,,,,,,,,,
Simo81,92,260,65,,,,,,,,,,
Pepelka,97,260,65,,,,,,,,,,
Vinco io,94,260,65,,,,,,,,,,
Tuttipazzixmike ,86,260,65,,,,,,,,,,
Maryjoint ,86,260,65,,,,,,,,,,
zuppiforpresident,92,260,65,,,,,,,,,,
GioPi,93,260,65,,,,,,,,,,
Valeshiatsu,92,260,65,,,,,,,,,,
PapaPilipino,92,260,65,,,,,,,,,,
Herculesso ,100,260,65,,,,,,,,,,
Disagiada92,100,260,65,,,,,,,,,,
La Sen-Tenza,98,260,65,,,,,,,,,,
Ale,97,260,65,,,,,,,,,,
Francibob,95,260,65,,,,,,,,,,
VivaZuppi,105,260,,,,,,,,,,,
PapaHurryBro,94,260,65,,,,,,,,,,
Franceskino fc ,85,260,65,,,,,,,,,,
Antipapa Lorenzo II,90,260,65,,,,,,,,,,
Nat,96,260,65,,,,,,,,,,
marco_tiktok,95,260,65,,,,,,,,,,
Martyy,96,260,65,,,,,,,,,,
Suor Eva,98,260,65,,,,,,,,,,
Vibabu,96,260,65,,,,,,,,,,
Iron,96,260,65,,,,,,,,,,
Papessa Angelina,105,260,,,,,,,,,,,
Slurpacchiotto,97,260,65,,,,,,,,,,
matildeeali,97,260,65,,,,,,,,,,
Giada2410,99,260,65,,,,,,,,,,
Papamobile,99,260,65,,,,,,,,,,
Piece of Brad,96,260,65,,,,,,,,,,
FratElla,105,260,,,,,,,,,,,
TheGibbu89,98,260,65,,,,,,,,,,
Parapampampapa,96,260,65,,,,,,,,,,
Bisy,97,260,65,,,,,,,,,,
La_fede,96,260,65,,,,,,,,,,
Velya,99,260,65,,,,,,,,,,
Chiara,97,260,65,,,,,,,,,,
MakeItShine,97,260,65,,,,,,,,,,
Santa Rox,98,260,65,,,,,,,,,,
VivaZuppi,96,260,65,,,,,,,,,,
Irenspapas,97,260,65,,,,,,,,,,
Fantapapa,99,260,65,,,,,,,,,,
Beyonce is our Pope,104,260,,,,,,,,,,,
Moony,98,260,65,,,,,,,,,,
Giulietta,99,260,65,,,,,,,,,,
PontesnonMuros,97,260,65,,,,,,,,,,
melshere,104,260,,,,,,,,,,,
Cripala,98,260,65,,,,,,,,,,
Cripala,100,260,65,,,,,,,,,,
souleva,88,260,65,,,,,,,,,,
Konclav?! ,90,260,65,,,,,,,,,,
Skizzo975,102,260,,,,,,,,,,,
Memole_83,83,255,66,,,,,,,,,,
Michele ,91,255,66,,,,,,,,,,
Supersonic,92,255,66,,,,,,,,,,
Regina,86,255,66,,,,,,,,,,
Papa Catani I,88,255,66,,,,,,,,,,
Popenator,86,255,66,,,,,,,,,,
Dominum ecclesiasticus,94,255,66,,,,,,,,,,
Sar√† lui sar√† lei,101,255,,,,,,,,,,,
Wiki.Miki,94,255,66,,,,,,,,,,
Papa Nuovo,99,255,66,,,,,,,,,,
Nomination,95,255,66,,,,,,,,,,
sarella,106,255,,,,,,,,,,,
SimoGui8,94,255,66,,,,,,,,,,
Rana28,97,255,66,,,,,,,,,,
memenie,97,255,66,,,,,,,,,,
Luca,93,255,66,,,,,,,,,,
Suorchicca,87,255,66,,,,,,,,,,
Auroraamarchesee ,97,255,66,,,,,,,,,,
TRICETRUCE,100,255,66,,,,,,,,,,
serena01,100,255,66,,,,,,,,,,
Giusammy,101,255,,,,,,,,,,,
Mile,94,255,66,,,,,,,,,,
Chiaaüåô,96,255,66,,,,,,,,,,
valetruccolo91@,101,255,,,,,,,,,,,
cateforthepapa,96,255,66,,,,,,,,,,
Adriano.005,102,255,,,,,,,,,,,
Auroraviolaa,102,255,,,,,,,,,,,
Marticano,100,255,66,,,,,,,,,,
Pastapapariana,96,255,66,,,,,,,,,,
SantaAurora,103,255,,,,,,,,,,,
Elis,87,255,66,,,,,,,,,,
Chiaraerre,97,255,66,,,,,,,,,,
Angelica,94,255,66,,,,,,,,,,
Gigia05,103,255,,,,,,,,,,,
Fanta-stic-clave,98,255,66,,,,,,,,,,
Amoluisantoniotagleee,98,255,66,,,,,,,,,,
Impero,96,255,66,,,,,,,,,,
SkinV,98,255,66,,,,,,,,,,
Papaya ,94,255,66,,,,,,,,,,
Alessandro XX,105,255,,,,,,,,,,,
Papa Pietro Paolo,97,255,66,,,,,,,,,,
Boneface,95,255,66,,,,,,,,,,
KiryakoPAPAlosos,99,255,66,,,,,,,,,,
FanSistina,97,255,66,,,,,,,,,,
Lia,96,255,66,,,,,,,,,,
LesorelledelPapa,95,255,66,,,,,,,,,,
Elix,94,255,66,,,,,,,,,,
bimbadizuppi,102,255,,,,,,,,,,,
Nisei,98,255,66,,,,,,,,,,
rosadipietro,102,255,,,,,,,,,,,
Cardinale Supremo ,97,255,66,,,,,,,,,,
HABEMUS VICTORIAM,96,255,66,,,,,,,,,,
Holla,100,255,66,,,,,,,,,,
beatrice2001,94,255,66,,,,,,,,,,
gandiali,98,255,66,,,,,,,,,,
MARCUZZ,93,255,66,,,,,,,,,,
ali_alice_ali,97,255,66,,,,,,,,,,
marcopicc1,94,255,66,,,,,,,,,,
Tomma98,95,255,66,,,,,,,,,,
Martapizz,97,255,66,,,,,,,,,,
LaLocadiTorredeBusi,100,255,66,,,,,,,,,,
Jegghe,96,255,66,,,,,,,,,,
Papessaquinta,94,255,66,,,,,,,,,,
gabrielprossimopapa,95,255,66,,,,,,,,,,
Gaiez,96,255,66,,,,,,,,,,
Emanuela81 ,98,255,66,,,,,,,,,,
Le-viziatelle-di-zuppi,94,255,66,,,,,,,,,,
Dmax,103,255,,,,,,,,,,,
Dmax9,103,255,,,,,,,,,,,
G05,97,255,66,,,,,,,,,,
MariamPapessaNazionale04,95,255,66,,,,,,,,,,
rebecc.aa00,103,255,,,,,,,,,,,
Vicky,94,255,66,,,,,,,,,,
conClavicola,95,255,66,,,,,,,,,,
ettu,94,255,66,,,,,,,,,,
ludwigg.10,94,255,66,,,,,,,,,,
#ari,104,255,,,,,,,,,,,
Alessandra,101,255,,,,,,,,,,,
Lola la papessa,86,255,66,,,,,,,,,,
Achille_idol,90,255,66,,,,,,,,,,
Onnipotente ,104,250,,,,,,,,,,,
Pescara_manzia,89,250,67,,,,,,,,,,
Anto86_,86,250,67,,,,,,,,,,
Golle,95,250,67,,,,,,,,,,
zuppifanpage ,85,250,67,,,,,,,,,,
EsterDett,87,250,67,,,,,,,,,,
Vps240167,95,250,67,,,,,,,,,,
Andrew,86,250,67,,,,,,,,,,
Lucius,96,250,67,,,,,,,,,,
Paolo,88,250,67,,,,,,,,,,
Lizz,92,250,67,,,,,,,,,,
Biohack,89,250,67,,,,,,,,,,
Papaboys,85,250,67,,,,,,,,,,
Milena,97,250,67,,,,,,,,,,
I broski del Vaticano,91,250,67,,,,,,,,,,
Camelia,86,250,67,,,,,,,,,,
Morto un Papa..,101,250,,,,,,,,,,,
kinder conclave ,92,250,67,,,,,,,,,,
Rosanna07,85,250,67,,,,,,,,,,
Chiara,88,250,67,,,,,,,,,,
Vaticanum circus maximus,103,250,,,,,,,,,,,
Gina,98,250,67,,,,,,,,,,
_Martyp__,93,250,67,,,,,,,,,,
Papa- papaRatzy ,95,250,67,,,,,,,,,,
Andrea nizzari ,102,250,,,,,,,,,,,
Hell_potato0,87,250,67,,,,,,,,,,
Ewan_McGregor_camerlengo_sempre,98,250,67,,,,,,,,,,
PAPAFRANCESCO69,98,250,67,,,,,,,,,,
vescovILE,98,250,67,,,,,,,,,,
CucciPope,97,250,67,,,,,,,,,,
Zuppi FC,105,250,,,,,,,,,,,
Innocenzo III,96,250,67,,,,,,,,,,
35fanta,96,250,67,,,,,,,,,,
Benedictus,102,250,,,,,,,,,,,
desy3diquartiere ,97,250,67,,,,,,,,,,
cocozza la potenza,86,250,67,,,,,,,,,,
danigran,102,250,,,,,,,,,,,
Gloriasemplice,105,250,,,,,,,,,,,
Valepopididi1925,100,250,67,,,,,,,,,,
Emjackmat,100,250,67,,,,,,,,,,
Pizzoccherino,95,250,67,,,,,,,,,,
Chia_,92,250,67,,,,,,,,,,
Spaietta,96,250,67,,,,,,,,,,
Cl63,94,250,67,,,,,,,,,,
Santa Sofia,97,250,67,,,,,,,,,,
Cristina (piccola Crista),106,250,,,,,,,,,,,
Zarange,90,250,67,,,,,,,,,,
Manuele,102,250,,,,,,,,,,,
Lisetta,96,250,67,,,,,,,,,,
Marcuzzz,97,250,67,,,,,,,,,,
Papaale ,104,250,,,,,,,,,,,
helisr,103,250,,,,,,,,,,,
habemusfanta,98,250,67,,,,,,,,,,
giulia,102,250,,,,,,,,,,,
BimbaDiZuppi,97,250,67,,,,,,,,,,
Tokyo ,98,250,67,,,,,,,,,,
lapapabile,104,250,,,,,,,,,,,
Conclafra,92,250,67,,,,,,,,,,
bbea,85,250,67,,,,,,,,,,
Xena,103,250,,,,,,,,,,,
Gaia P ,99,250,67,,,,,,,,,,
San Amadeus ,102,250,,,,,,,,,,,
HolyMary,98,250,67,,,,,,,,,,
M4v,99,250,67,,,,,,,,,,
Futura,106,250,,,,,,,,,,,
Si gioca ogni morte di Papa ,96,250,67,,,,,,,,,,
mmmm77,85,250,67,,,,,,,,,,
DioZu,87,250,67,,,,,,,,,,
mery,92,250,67,,,,,,,,,,
PioXII,103,250,,,,,,,,,,,
LA.PAPESSA,98,250,67,,,,,,,,,,
Cross Nox,97,250,67,,,,,,,,,,
Cardianale Voiello ,96,250,67,,,,,,,,,,
carlottaa_16,97,250,67,,,,,,,,,,
Fedexx,98,250,67,,,,,,,,,,
Bea_Ferrari,100,250,67,,,,,,,,,,
beaniro,100,250,67,,,,,,,,,,
Zuppilover ,98,250,67,,,,,,,,,,
Pizza,107,250,,,,,,,,,,,
Caoscalmo,96,250,67,,,,,,,,,,
Pope_PizzaDance,105,250,,,,,,,,,,,
melastra,97,250,67,,,,,,,,,,
Papice ,98,250,67,,,,,,,,,,
Conclavengers,97,250,67,,,,,,,,,,
Papa peps,98,250,67,,,,,,,,,,
Santopiripillo,101,250,,,,,,,,,,,
Robertyna97,98,250,67,,,,,,,,,,
Marteena,98,250,67,,,,,,,,,,
m.is.h_,97,250,67,,,,,,,,,,
VMF22,98,250,67,,,,,,,,,,
CheDioCiAiuti,98,250,67,,,,,,,,,,
Suor camilla tutti la vogliono nessuno la piglia,103,250,,,,,,,,,,,
gai.ee,99,250,67,,,,,,,,,,
AndreaMZ,105,250,,,,,,,,,,,
simo.netta,98,250,67,,,,,,,,,,
Vatican‚Äôt,98,250,67,,,,,,,,,,
Cumclave latino,97,250,67,,,,,,,,,,
pizzozoedance,98,250,67,,,,,,,,,,
V.ery87,104,250,,,,,,,,,,,
Ale,98,250,67,,,,,,,,,,
Chri,103,250,,,,,,,,,,,
SirCiarls,98,250,67,,,,,,,,,,
Ludo22,107,250,,,,,,,,,,,
Serenamente,103,250,,,,,,,,,,,
Marianna,99,250,67,,,,,,,,,,
Elle,97,250,67,,,,,,,,,,
Elle,97,250,67,,,,,,,,,,
Elle,97,250,67,,,,,,,,,,
magghie,97,250,67,,,,,,,,,,
Rei,97,250,67,,,,,,,,,,
Ludia,98,250,67,,,,,,,,,,
Conclave2025,101,250,,,,,,,,,,,
Glasschild ,95,250,67,,,,,,,,,,
annalisabs57,98,250,67,,,,,,,,,,
Anna,98,250,67,,,,,,,,,,
martaaa,103,250,,,,,,,,,,,
La Dittatrice ,98,250,67,,,,,,,,,,
Cuscus,104,250,,,,,,,,,,,
Weloveparolin,97,250,67,,,,,,,,,,
Phoenix,104,250,,,,,,,,,,,
Weloveparolin ,99,250,67,,,,,,,,,,
maria vergine immacolata,96,250,67,,,,,,,,,,
ann444,105,250,,,,,,,,,,,
Papa Nero ,97,250,67,,,,,,,,,,
Niklo91,105,250,,,,,,,,,,,
PopeFrancyTeam,96,250,67,,,,,,,,,,
Nicole03,105,250,,,,,,,,,,,
Nikluzz,97,250,67,,,,,,,,,,
Frate Fumata,106,250,,,,,,,,,,,
_iosonolucia_,96,250,67,,,,,,,,,,
Kju,103,250,,,,,,,,,,,
Innocenzo ,97,250,67,,,,,,,,,,
Pontifex Maximus,103,250,,,,,,,,,,,
Chiaramarr,104,250,,,,,,,,,,,
annika,104,250,,,,,,,,,,,
papabile,100,250,67,,,,,,,,,,
Tinax,98,250,67,,,,,,,,,,
Nefise,98,250,67,,,,,,,,,,
ange,97,250,67,,,,,,,,,,
AnnaPannocchia,98,250,67,,,,,,,,,,
Madre_badessa ,106,250,,,,,,,,,,,
dioladro,95,250,67,,,,,,,,,,
Saramezza,98,250,67,,,,,,,,,,
SANTA ROX,98,250,67,,,,,,,,,,
Luca1993,97,250,67,,,,,,,,,,
Manuuu,98,250,67,,,,,,,,,,
Camicivetta,97,250,67,,,,,,,,,,
Popeandoperk,98,250,67,,,,,,,,,,
#seiilmiopapapreferito,100,250,67,,,,,,,,,,
Suor ValiBali,98,250,67,,,,,,,,,,
Vitto,96,250,67,,,,,,,,,,
MAR-TY,95,250,67,,,,,,,,,,
federico maria zuppi lacanna,98,250,67,,,,,,,,,,
DANOo8,95,250,67,,,,,,,,,,
Roberry,100,250,67,,,,,,,,,,
Vero89,104,250,,,,,,,,,,,
Lalla,98,250,67,,,,,,,,,,
Habemus Dadam,96,250,67,,,,,,,,,,
Elena,98,250,67,,,,,,,,,,
Elly,96,250,67,,,,,,,,,,
Papa Mod I,100,250,67,,,,,,,,,,
cardinalking,96,250,67,,,,,,,,,,
ornellacareri217,96,250,67,,,,,,,,,,
Vale10adp,104,250,,,,,,,,,,,
teuzzzz,98,250,67,,,,,,,,,,
martinacapuccinaballerina,96,250,67,,,,,,,,,,
Tea,98,250,67,,,,,,,,,,
Emma,96,250,67,,,,,,,,,,
Don Maffington,104,250,,,,,,,,,,,
I papabili palpabili,98,250,67,,,,,,,,,,
gaiaaa_,96,250,67,,,,,,,,,,
GoodZupp,98,250,67,,,,,,,,,,
Il papa papabile ,98,250,67,,,,,,,,,,
HolyChiara88,98,250,67,,,,,,,,,,
Giacomoboscari@gmail.com,104,250,,,,,,,,,,,
papale,97,250,67,,,,,,,,,,
donfrederico@,105,250,,,,,,,,,,,
GiuB,98,250,67,,,,,,,,,,
maggyboky01,99,250,67,,,,,,,,,,
LiceoCasiniConclave,97,250,67,,,,,,,,,,
Mary ,95,250,67,,,,,,,,,,
Kia,97,250,67,,,,,,,,,,
aurora,98,250,67,,,,,,,,,,
swag.auro ,96,250,67,,,,,,,,,,
auri_.colari,97,250,67,,,,,,,,,,
PitConclave,101,250,,,,,,,,,,,
Don Matteo,104,250,,,,,,,,,,,
LaDuchessa,96,250,67,,,,,,,,,,
Vero,101,250,,,,,,,,,,,
PAPA ,97,250,67,,,,,,,,,,
Tiger939,98,250,67,,,,,,,,,,
Fantazuppi ,94,250,67,,,,,,,,,,
PapaPetardo,95,250,67,,,,,,,,,,
ems ,105,250,,,,,,,,,,,
Piergi,97,250,67,,,,,,,,,,
ele,99,250,67,,,,,,,,,,
ClaCla,98,250,67,,,,,,,,,,
Godsavethepope ,99,250,67,,,,,,,,,,
bellini360,96,250,67,,,,,,,,,,
Glori1502,98,250,67,,,,,,,,,,
giorgiona,97,250,67,,,,,,,,,,
Fantaparadise,98,250,67,,,,,,,,,,
Chiccadance,106,250,,,,,,,,,,,
Speriamo bene,97,250,67,,,,,,,,,,
Fh0nix777,84,250,67,,,,,,,,,,
kikka,87,250,67,,,,,,,,,,
IL_VATE-DUNFRIES,97,250,67,,,,,,,,,,
Aldo133,93,250,67,,,,,,,,,,
DAV,90,250,67,,,,,,,,,,
Le Frociate,93,250,67,,,,,,,,,,
PapabiliPapi,88,250,67,,,,,,,,,,
arcangela ,87,250,67,,,,,,,,,,
tobio,94,250,67,,,,,,,,,,
labimbadelsarah,72,250,67,,,,,,,,,,
Violinistanonro»ôa,90,245,68,,,,,,,,,,
Ladyred23 ,89,245,68,,,,,,,,,,
Paparazza,87,245,68,,,,,,,,,,
Ric,77,245,68,,,,,,,,,,
Papanosens,93,245,68,,,,,,,,,,
SERENA,94,245,68,,,,,,,,,,
Luvumbo,86,245,68,,,,,,,,,,
Papa Angela 1,107,245,,,,,,,,,,,
PapaV,100,245,68,,,,,,,,,,
La Guardia Svizzera,97,245,68,,,,,,,,,,
Chichi ,99,245,68,,,,,,,,,,
Chichii,99,245,68,,,,,,,,,,
soffycici,98,245,68,,,,,,,,,,
Alessia.c,98,245,68,,,,,,,,,,
zuppibaby,95,245,68,,,,,,,,,,
martaaa,105,245,,,,,,,,,,,
NigEr üá≥üá™,103,245,,,,,,,,,,,
i Papabili,102,245,,,,,,,,,,,
voglio.una.papessa,76,245,68,,,,,,,,,,
Eli,95,245,68,,,,,,,,,,
sunshineechoes,104,245,,,,,,,,,,,
Papagang,102,245,,,,,,,,,,,
MadreTeresaDiConclave,97,245,68,,,,,,,,,,
Er vate,101,245,,,,,,,,,,,
suorpapa,101,245,,,,,,,,,,,
Ame n(o√≠),99,245,68,,,,,,,,,,
Conclave de cristo,99,245,68,,,,,,,,,,
Gian dark,102,245,,,,,,,,,,,
Aegon96,95,245,68,,,,,,,,,,
Fire,101,245,,,,,,,,,,,
Bazz,102,245,,,,,,,,,,,
veronicss,100,245,68,,,,,,,,,,
itserena4,101,245,,,,,,,,,,,
papa_francesco,101,245,,,,,,,,,,,
GloriaEterna,97,245,68,,,,,,,,,,
Er gamba,105,245,,,,,,,,,,,
PadrePPPio,103,245,,,,,,,,,,,
Don Medell√≠n,94,245,68,,,,,,,,,,
Zuppi e pan bagnato ,98,245,68,,,,,,,,,,
TheVaticanBaddie,102,245,,,,,,,,,,,
Con Cla Clava,100,245,68,,,,,,,,,,
ilPapaNero79,96,245,68,,,,,,,,,,
Conclavengers,93,245,68,,,,,,,,,,
la rotty,100,245,68,,,,,,,,,,
NONLOSO1,103,245,,,,,,,,,,,
ariannina,94,240,69,,,,,,,,,,
1voltaognimortedipapa,86,240,69,,,,,,,,,,
Kiara,95,240,69,,,,,,,,,,
heytherejuliette,92,240,69,,,,,,,,,,
Salvi,99,240,69,,,,,,,,,,
Tulkas,95,240,69,,,,,,,,,,
Xena13,85,240,69,,,,,,,,,,
Mariasol,96,240,69,,,,,,,,,,
Giaelebat ,98,240,69,,,,,,,,,,
PapaFedericaI,103,240,,,,,,,,,,,
Sancta Cata,96,240,69,,,,,,,,,,
Carly,98,240,69,,,,,,,,,,
Zuzzolopapa ,101,240,,,,,,,,,,,
Luisa,98,240,69,,,,,,,,,,
Sfamrn,103,240,,,,,,,,,,,
FrancescaDeBraco,98,240,69,,,,,,,,,,
GIROTZ,97,240,69,,,,,,,,,,
Lellaconclave,97,240,69,,,,,,,,,,
Debbi96,106,240,,,,,,,,,,,
Papa V,97,240,69,,,,,,,,,,
San Pio Francesco Domenico di Capodacqua,95,240,69,,,,,,,,,,
FANTAboy,103,240,,,,,,,,,,,
Il dream team ,97,240,69,,,,,,,,,,
mickyy,102,240,,,,,,,,,,,
sonounadonnasonocristiana,96,240,69,,,,,,,,,,
Verushka,98,240,69,,,,,,,,,,
lee,104,240,,,,,,,,,,,
Nicolinobarellino,98,240,69,,,,,,,,,,
Valery.huaman,101,240,,,,,,,,,,,
Angie,97,240,69,,,,,,,,,,
Cami,103,240,,,,,,,,,,,
Papalina ,98,240,69,,,,,,,,,,
AliFrancisco,98,240,69,,,,,,,,,,
Francy,103,240,,,,,,,,,,,
Papa Matteo,99,240,69,,,,,,,,,,
Moenarchia Papale,88,240,69,,,,,,,,,,
Sorella_giulia,104,240,,,,,,,,,,,
Milio,96,240,69,,,,,,,,,,
Borgia,98,240,69,,,,,,,,,,
We want Pope Pizzadance,96,240,69,,,,,,,,,,
giovanniapostolo,95,240,69,,,,,,,,,,
Maedelconclave,97,240,69,,,,,,,,,,
Papabro,99,240,69,,,,,,,,,,
chia,97,240,69,,,,,,,,,,
marghez,104,240,,,,,,,,,,,
AbemusPapa,98,240,69,,,,,,,,,,
Innocenzium ,104,240,,,,,,,,,,,
sara,96,240,69,,,,,,,,,,
Semper fidelis,104,240,,,,,,,,,,,
sansundertale,96,240,69,,,,,,,,,,
riri ,98,240,69,,,,,,,,,,
BugoScaldino ,105,240,,,,,,,,,,,
Cri_90!,90,240,69,,,,,,,,,,
Luxiqqq,97,240,69,,,,,,,,,,
marco_tiktok,100,240,69,,,,,,,,,,
Giosole,98,240,69,,,,,,,,,,
Elle,96,240,69,,,,,,,,,,
Lorenzeus,97,240,69,,,,,,,,,,
mcentu91,95,240,69,,,,,,,,,,
Frank amente spero tengano Pap√† Frank a mente ,97,240,69,,,,,,,,,,
Fralmi,102,240,,,,,,,,,,,
Next Pope,97,240,69,,,,,,,,,,
CONCLAVE25,105,240,,,,,,,,,,,
ElenaC,88,240,69,,,,,,,,,,
Pericolo papale ,96,240,69,,,,,,,,,,
Che lo spirito santo sia con me,102,240,,,,,,,,,,,
Emmarina.08,98,240,69,,,,,,,,,,
martuccia,105,240,,,,,,,,,,,
Gavino_270,98,240,69,,,,,,,,,,
Super Pippi,99,240,69,,,,,,,,,,
Giovanni Paolo III,95,240,69,,,,,,,,,,
TheFisherman,98,240,69,,,,,,,,,,
alecannao,104,240,,,,,,,,,,,
Loki-Wife,97,240,69,,,,,,,,,,
Daje Roma,98,240,69,,,,,,,,,,
lada,102,240,,,,,,,,,,,
estercastellanii,99,240,69,,,,,,,,,,
PapaSquad,98,240,69,,,,,,,,,,
Abisso,97,240,69,,,,,,,,,,
papessaelenoire,100,240,69,,,,,,,,,,
gre ,97,240,69,,,,,,,,,,
glorix,98,240,69,,,,,,,,,,
Pope 2.0,102,240,,,,,,,,,,,
Gio,96,240,69,,,,,,,,,,
Ketty LXXVI,97,240,69,,,,,,,,,,
Gre.at._,98,240,69,,,,,,,,,,
Angie,100,240,69,,,,,,,,,,
Gaia&Matteo,96,240,69,,,,,,,,,,
Nappina T,98,240,69,,,,,,,,,,
Giug,98,240,69,,,,,,,,,,
Sole1520,101,240,,,,,,,,,,,
PapaRe,96,240,69,,,,,,,,,,
Papamobile,97,240,69,,,,,,,,,,
Vigi,102,240,,,,,,,,,,,
cipollina,93,240,69,,,,,,,,,,
"Osanna, Cristo Signor ",91,240,69,,,,,,,,,,
Tedesco‚Äôsfemboy,88,240,69,,,,,,,,,,
maridl96,94,240,69,,,,,,,,,,
NurseAnna ,87,240,69,,,,,,,,,,
Zuppinastan,86,240,69,,,,,,,,,,
mindeathmoon,102,240,,,,,,,,,,,
Ave Marjia,91,240,69,,,,,,,,,,
sberillio,92,240,69,,,,,,,,,,
franciuz,92,240,69,,,,,,,,,,
Ikri,93,240,69,,,,,,,,,,
dale,89,240,69,,,,,,,,,,
tina,95,240,69,,,,,,,,,,
Purple,92,240,69,,,,,,,,,,
AbbiFedez,88,240,69,,,,,,,,,,
Gianni,106,240,,,,,,,,,,,
Gandhi,87,240,69,,,,,,,,,,
◊©÷¥◊Å◊û÷∞◊¢◊ï÷π◊ü,93,240,69,,,,,,,,,,
Supermamma,91,240,69,,,,,,,,,,
VicenzaPioX,88,240,69,,,,,,,,,,
Simogui8,86,240,69,,,,,,,,,,
focafofia ,96,235,70,,,,,,,,,,
Giusyna,77,235,70,,,,,,,,,,
Ale,92,235,70,,,,,,,,,,
nigga1234,75,235,70,,,,,,,,,,
Alice,82,235,70,,,,,,,,,,
alek_402,81,235,70,,,,,,,,,,
Michius_23 ,93,235,70,,,,,,,,,,
per te il trono di san pietro finisce qua,88,235,70,,,,,,,,,,
PaoPapessa,91,235,70,,,,,,,,,,
Popettini004,100,235,70,,,,,,,,,,
Laurentium,99,235,70,,,,,,,,,,
mellisosa,99,235,70,,,,,,,,,,
Afflixione,71,235,70,,,,,,,,,,
Sue93,94,235,70,,,,,,,,,,
unicornodorato,84,235,70,,,,,,,,,,
G.P.D,92,235,70,,,,,,,,,,
noe_minenza,95,235,70,,,,,,,,,,
Aridaje,97,235,70,,,,,,,,,,
#_bobby_,92,235,70,,,,,,,,,,
Andre,99,235,70,,,,,,,,,,
BELA666,96,235,70,,,,,,,,,,
Ellelee,96,235,70,,,,,,,,,,
SLV70,86,235,70,,,,,,,,,,
fantaconclaveeva,92,235,70,,,,,,,,,,
Franciuans,100,235,70,,,,,,,,,,
Papannie,80,235,70,,,,,,,,,,
sara.24,88,235,70,,,,,,,,,,
CIRCE BICE TRIXI ,86,235,70,,,,,,,,,,
alicerossi89,85,235,70,,,,,,,,,,
Giulss,94,235,70,,,,,,,,,,
Il pap√† nero,97,235,70,,,,,,,,,,
ciceeffe,92,235,70,,,,,,,,,,
Anticristo,97,235,70,,,,,,,,,,
Cardinaletedescocomunista,83,235,70,,,,,,,,,,
Ceci98,93,235,70,,,,,,,,,,
FantaSophie,87,235,70,,,,,,,,,,
Madda,88,235,70,,,,,,,,,,
Saradb,88,235,70,,,,,,,,,,
gaia la queen,99,235,70,,,,,,,,,,
Perpetua,90,235,70,,,,,,,,,,
Ave cesare,98,235,70,,,,,,,,,,
zuppiioscelgote ,93,235,70,,,,,,,,,,
torome,88,235,70,,,,,,,,,,
Jackie,95,235,70,,,,,,,,,,
Giaci,90,235,70,,,,,,,,,,
Giaci,90,235,70,,,,,,,,,,
The Popagnez,94,230,71,,,,,,,,,,
VaticanCiffa,76,230,71,,,,,,,,,,
Claudio I,92,230,71,,,,,,,,,,
Ognimortedipapa,88,230,71,,,,,,,,,,
giulia,93,230,71,,,,,,,,,,
BranzinoVolante ,93,230,71,,,,,,,,,,
Papabilus,92,230,71,,,,,,,,,,
HabemusPapam,99,230,71,,,,,,,,,,
Papa Francesco II,98,230,71,,,,,,,,,,
cele,92,230,71,,,,,,,,,,
diva777,94,230,71,,,,,,,,,,
ari.mac,85,230,71,,,,,,,,,,
Giuda77,88,230,71,,,,,,,,,,
La papamobile,89,230,71,,,,,,,,,,
Salvo02@,100,230,71,,,,,,,,,,
AbemusPapae,89,230,71,,,,,,,,,,
Manu96,88,230,71,,,,,,,,,,
aely,83,230,71,,,,,,,,,,
Andre&Gioüíñ,99,230,71,,,,,,,,,,
Pietrus Romanus ,99,230,71,,,,,,,,,,
Felix,93,230,71,,,,,,,,,,
AMEN(OI),88,230,71,,,,,,,,,,
Santa Maria Novella Team,93,230,71,,,,,,,,,,
tinapapina ,88,230,71,,,,,,,,,,
GoDara,96,230,71,,,,,,,,,,
Ursi ,92,230,71,,,,,,,,,,
Lalla ,85,230,71,,,,,,,,,,
giu.marra_,93,230,71,,,,,,,,,,
LUCAONE17,102,230,,,,,,,,,,,
tomma,85,230,71,,,,,,,,,,
BabaVanga,86,225,72,,,,,,,,,,
PIO XXIII,90,225,72,,,,,,,,,,
Mari_21,90,225,72,,,,,,,,,,
fabri ,94,225,72,,,,,,,,,,
Claudia,86,225,72,,,,,,,,,,
Esterz93,92,225,72,,,,,,,,,,
Mtags,98,225,72,,,,,,,,,,
Piopio,96,225,72,,,,,,,,,,
Lele,94,225,72,,,,,,,,,,
robss,85,225,72,,,,,,,,,,
Papa Waigo,83,225,72,,,,,,,,,,
Tere,87,225,72,,,,,,,,,,
Oxipe61,91,225,72,,,,,,,,,,
GiuMetti,85,225,72,,,,,,,,,,
DeusMaialis,87,225,72,,,,,,,,,,
eliii,101,225,,,,,,,,,,,
Martipoppi,86,225,72,,,,,,,,,,
Teo,85,225,72,,,,,,,,,,
Helly_.Nora,89,225,72,,,,,,,,,,
ooh.laviniaa,88,225,72,,,,,,,,,,
PAPALE,88,225,72,,,,,,,,,,
Neji,91,225,72,,,,,,,,,,
Matteozuppitiamo,84,225,72,,,,,,,,,,
itsmesarda,86,225,72,,,,,,,,,,
Queenny,90,225,72,,,,,,,,,,
Ucce,85,225,72,,,,,,,,,,
Papone,100,225,72,,,,,,,,,,
Mavericks,97,225,72,,,,,,,,,,
Giorgia,97,225,72,,,,,,,,,,
Besughi,92,225,72,,,,,,,,,,
OllyFrancisco,96,225,72,,,,,,,,,,
Lapapessa,87,225,72,,,,,,,,,,
alessandra,79,220,73,,,,,,,,,,
Mich,104,220,,,,,,,,,,,
chiaconclave25_,89,220,73,,,,,,,,,,
Sorella Nina,73,220,73,,,,,,,,,,
AntiBallacchino,98,220,73,,,,,,,,,,
JessiGeno,101,220,,,,,,,,,,,
Cillavat,98,220,73,,,,,,,,,,
i papabili,103,220,,,,,,,,,,,
eliforclose,95,220,73,,,,,,,,,,
Pec,97,220,73,,,,,,,,,,
Pizzibarbaro della Maremma,97,220,73,,,,,,,,,,
Nino65,97,220,73,,,,,,,,,,
VaticaAri,97,220,73,,,,,,,,,,
Rachelemattiuzzoo,96,220,73,,,,,,,,,,
Rachelemattiuzzoo,96,220,73,,,,,,,,,,
Crispapi ,102,220,,,,,,,,,,,
Madre sospetta,85,220,73,,,,,,,,,,
Pazzi per Ges√π,95,220,73,,,,,,,,,,
viking.taglia@gmail.com ,79,220,73,,,,,,,,,,
Papa_razzi,76,220,73,,,,,,,,,,
Shopi,81,220,73,,,,,,,,,,
LaVale,87,220,73,,,,,,,,,,
Nuindilyon,92,220,73,,,,,,,,,,
HabemusPapam ,103,220,,,,,,,,,,,
PapAle ,84,220,73,,,,,,,,,,
gloriainexcelsisdeo,89,220,73,,,,,,,,,,
Benedetta08,95,220,73,,,,,,,,,,
Vickyyyyyy,84,220,73,,,,,,,,,,
robs ,91,220,73,,,,,,,,,,
DharmaFushiguro,92,220,73,,,,,,,,,,
Wojtyqu√†,93,220,73,,,,,,,,,,
doublem,96,220,73,,,,,,,,,,
Papa lino I,85,220,73,,,,,,,,,,
aliii.laa,93,220,73,,,,,,,,,,
parolin uno di noi ,89,220,73,,,,,,,,,,
Santi Atei,83,220,73,,,,,,,,,,
Dany,87,220,73,,,,,,,,,,
bancodeibegni,99,220,73,,,,,,,,,,
DANOo8,86,220,73,,,,,,,,,,
Gabriele I,91,220,73,,,,,,,,,,
sara,84,220,73,,,,,,,,,,
Papa Paolo VII,95,220,73,,,,,,,,,,
Elly,95,220,73,,,,,,,,,,
Paprika,83,220,73,,,,,,,,,,
Greee ,92,220,73,,,,,,,,,,
ilBossDelVaticano,97,220,73,,,,,,,,,,
Ornellavanonieh,94,220,73,,,,,,,,,,
Sunhee ,91,220,73,,,,,,,,,,
BeneBare,93,220,73,,,,,,,,,,
ConclaFra25,91,220,73,,,,,,,,,,
Diavoletta97,91,220,73,,,,,,,,,,
svitty,88,220,73,,,,,,,,,,
elisabettadattiss,87,220,73,,,,,,,,,,
:P,89,220,73,,,,,,,,,,
Papapatus karolus,93,220,73,,,,,,,,,,
Teofilatto25,85,220,73,,,,,,,,,,
Chsncl88,85,220,73,,,,,,,,,,
Gia-,84,220,73,,,,,,,,,,
Gia-,85,220,73,,,,,,,,,,
Papabildonna,92,220,73,,,,,,,,,,
DonMauro,85,220,73,,,,,,,,,,
claccola,87,220,73,,,,,,,,,,
habemuspapam(forse),94,220,73,,,,,,,,,,
fraonfire,91,220,73,,,,,,,,,,
kmb20,92,220,73,,,,,,,,,,
PAPESSOGIOVANNO,84,220,73,,,,,,,,,,
Papa-veri,91,220,73,,,,,,,,,,
tralalero trallala ,86,220,73,,,,,,,,,,
Villanelle,99,220,73,,,,,,,,,,
Roby12,85,220,73,,,,,,,,,,
Ajeje Brazorf,94,220,73,,,,,,,,,,
frafra,89,220,73,,,,,,,,,,
CHICCACHICCA,93,220,73,,,,,,,,,,
FantaPapa,90,220,73,,,,,,,,,,
PapaAlam,82,220,73,,,,,,,,,,
Alepapa,84,220,73,,,,,,,,,,
becccastel,94,220,73,,,,,,,,,,
PapaNeroDopoMissItalia,75,220,73,,,,,,,,,,
Lapapessapazzesca,97,220,73,,,,,,,,,,
NeroChiaro,92,220,73,,,,,,,,,,
Lus,96,220,73,,,,,,,,,,
Cioppy,86,220,73,,,,,,,,,,
Erika,95,220,73,,,,,,,,,,
LaSic,90,220,73,,,,,,,,,,
Antonio Ivan ,85,220,73,,,,,,,,,,
NickyLucky,88,220,73,,,,,,,,,,
Pur√®5569,85,220,73,,,,,,,,,,
maddii ,88,220,73,,,,,,,,,,
Camerlengo,94,220,73,,,,,,,,,,
PapaNicoleI,92,220,73,,,,,,,,,,
moooookyyyyyy,95,220,73,,,,,,,,,,
ellie,93,220,73,,,,,,,,,,
habemus vanessam ,90,220,73,,,,,,,,,,
ennefattoriale,99,220,73,,,,,,,,,,
eliisa,95,220,73,,,,,,,,,,
tommi14,93,220,73,,,,,,,,,,
francesconelcuore,93,220,73,,,,,,,,,,
SuorVane,93,220,73,,,,,,,,,,
Maru90,84,220,73,,,,,,,,,,
emmaemmaemma,92,220,73,,,,,,,,,,
Le papesse,86,220,73,,,,,,,,,,
em.ma,84,220,73,,,,,,,,,,
Nooooooolapoliziaaanoooooo,94,220,73,,,,,,,,,,
Conclavisti anonimi ,97,220,73,,,,,,,,,,
CONCLAVATOR ,90,220,73,,,,,,,,,,
nicoledelcarosi,95,220,73,,,,,,,,,,
Giovani Tommaso,93,220,73,,,,,,,,,,
habemusfamem ,93,220,73,,,,,,,,,,
papaprinci,93,220,73,,,,,,,,,,
Merlino,91,220,73,,,,,,,,,,
PapatoTorino,86,220,73,,,,,,,,,,
lorelollo,86,220,73,,,,,,,,,,
Saretta07,86,220,73,,,,,,,,,,
Ana.j_s,91,220,73,,,,,,,,,,
Zuppinan1,86,220,73,,,,,,,,,,
ArchiPapa,85,220,73,,,,,,,,,,
Leonardus I,93,220,73,,,,,,,,,,
Livius97,85,220,73,,,,,,,,,,
PapaRazzy ,93,220,73,,,,,,,,,,
Beuzz,86,220,73,,,,,,,,,,
Dox,91,220,73,,,,,,,,,,
habemus victoriam,90,220,73,,,,,,,,,,
yandeee,84,220,73,,,,,,,,,,
Paparob,84,220,73,,,,,,,,,,
howimetyourpope ,87,220,73,,,,,,,,,,
La Papessa,100,220,73,,,,,,,,,,
Gioggiii,95,220,73,,,,,,,,,,
Marta,100,220,73,,,,,,,,,,
Papa Io I,92,220,73,,,,,,,,,,
Prospero Savoca,86,220,73,,,,,,,,,,
nillaaaaa,89,220,73,,,,,,,,,,
lollo,86,220,73,,,,,,,,,,
Carli,93,220,73,,,,,,,,,,
Suorina96,85,220,73,,,,,,,,,,
erre,92,220,73,,,,,,,,,,
Mastro Yoda,94,220,73,,,,,,,,,,
Chiara.55,89,220,73,,,,,,,,,,
mimmi11,87,220,73,,,,,,,,,,
drunksocratesss,84,220,73,,,,,,,,,,
RitaSpadino,90,220,73,,,,,,,,,,
Mar√®,87,220,73,,,,,,,,,,
aur√≤,82,220,73,,,,,,,,,,
babi,95,220,73,,,,,,,,,,
Cardinal Pork,97,220,73,,,,,,,,,,
SaintEchelon,90,220,73,,,,,,,,,,
marticare ,84,220,73,,,,,,,,,,
Emma Bosco,86,220,73,,,,,,,,,,
FranConclave,92,220,73,,,,,,,,,,
Morychan,86,220,73,,,,,,,,,,
Cris,91,220,73,,,,,,,,,,
Die,86,220,73,,,,,,,,,,
ily.__i,94,220,73,,,,,,,,,,
ZuppiYeah,88,220,73,,,,,,,,,,
La papessa,94,220,73,,,,,,,,,,
Chicca,100,220,73,,,,,,,,,,
Valeeeee,84,220,73,,,,,,,,,,
PAPARYA,89,220,73,,,,,,,,,,
Habemus Vittoriam,93,220,73,,,,,,,,,,
Vivailpapa,92,220,73,,,,,,,,,,
Lor,90,220,73,,,,,,,,,,
Agnosticaperscelta,91,220,73,,,,,,,,,,
emmachevuoi,90,220,73,,,,,,,,,,
mati la papessa,85,220,73,,,,,,,,,,
Erikapope,84,220,73,,,,,,,,,,
DaniDanto,89,220,73,,,,,,,,,,
Cla444,92,220,73,,,,,,,,,,
sissi,87,220,73,,,,,,,,,,
bellini360,84,220,73,,,,,,,,,,
MarcelloBello,98,220,73,,,,,,,,,,
AmorthA,85,220,73,,,,,,,,,,
High Priestess Melanie,100,220,73,,,,,,,,,,
Papa Boys,85,220,73,,,,,,,,,,
Flaffo,89,220,73,,,,,,,,,,
XI secolo,77,220,73,,,,,,,,,,
Aut Caesar aut nihil,81,220,73,,,,,,,,,,
vi,91,215,74,,,,,,,,,,
gnan_davide,91,215,74,,,,,,,,,,
Wa,103,215,,,,,,,,,,,
FantaZuppi,87,215,74,,,,,,,,,,
Benedictus,91,215,74,,,,,,,,,,
SantaErikaElisabetta,93,215,74,,,,,,,,,,
Papista99,92,215,74,,,,,,,,,,
Dal Vangelo secondo Teo,85,215,74,,,,,,,,,,
Pollyp0cket,83,215,74,,,,,,,,,,
ognimortedipapa,96,215,74,,,,,,,,,,
GioMaria,104,215,,,,,,,,,,,
Papam,94,215,74,,,,,,,,,,
Conclavisti Anonimi,98,215,74,,,,,,,,,,
Habemus papaV,93,215,74,,,,,,,,,,
Papito Lelito ,96,215,74,,,,,,,,,,
moenab95,88,215,74,,,,,,,,,,
Emaffioli,91,215,74,,,,,,,,,,
Eva90,88,215,74,,,,,,,,,,
bimbadizuppi,92,215,74,,,,,,,,,,
gioua,105,215,,,,,,,,,,,
Lalla ,91,215,74,,,,,,,,,,
gnam,76,215,74,,,,,,,,,,
Franca V,80,215,74,,,,,,,,,,
nomadani,83,215,74,,,,,,,,,,
Roc79,96,215,74,,,,,,,,,,
Anto87xx,74,215,74,,,,,,,,,,
LenaPalma89,94,210,75,,,,,,,,,,
Franci ,73,210,75,,,,,,,,,,
Leone I Magno,95,210,75,,,,,,,,,,
aurora,103,210,,,,,,,,,,,
Fantamarti,98,210,75,,,,,,,,,,
GGAB99,97,210,75,,,,,,,,,,
papaBesugo,88,210,75,,,,,,,,,,
Maria88,90,210,75,,,,,,,,,,
Mima,80,210,75,,,,,,,,,,
Ketoprofene,81,210,75,,,,,,,,,,
ClaptonIsGod,83,210,75,,,,,,,,,,
Flavius I,80,210,75,,,,,,,,,,
moenab95,95,210,75,,,,,,,,,,
Papa Corona,91,210,75,,,,,,,,,,
Valef,90,210,75,,,,,,,,,,
Tao_Elexiki,90,210,75,,,,,,,,,,
Papa vero,96,210,75,,,,,,,,,,
Papumbo ,93,210,75,,,,,,,,,,
_papalina_,96,210,75,,,,,,,,,,
habemuspapam,89,210,75,,,,,,,,,,
NextVatication,96,210,75,,,,,,,,,,
Alex,87,210,75,,,,,,,,,,
Frabal98,90,210,75,,,,,,,,,,
Jerry‚Äôs Forecast ,94,210,75,,,,,,,,,,
Martipapa ,84,210,75,,,,,,,,,,
Gian,84,210,75,,,,,,,,,,
Miscesc,93,210,75,,,,,,,,,,
Chris,95,210,75,,,,,,,,,,
Elesan29,93,210,75,,,,,,,,,,
Ester843,91,210,75,,,,,,,,,,
Papabile sconfitto ,84,210,75,,,,,,,,,,
Boooh,92,210,75,,,,,,,,,,
AleDZ,90,210,75,,,,,,,,,,
PapaBelluz,88,210,75,,,,,,,,,,
lizuffiz,92,210,75,,,,,,,,,,
Elezz,83,210,75,,,,,,,,,,
Biagio ,102,210,,,,,,,,,,,
FLECTARNONFRANGAR,92,210,75,,,,,,,,,,
Mm,83,210,75,,,,,,,,,,
OdioGennaroRomano,88,210,75,,,,,,,,,,
Xoxopapa,91,210,75,,,,,,,,,,
La Papessa,88,210,75,,,,,,,,,,
WHITESARA,87,210,75,,,,,,,,,,
Lexaaa,92,210,75,,,,,,,,,,
Uoghert,93,210,75,,,,,,,,,,
Papa v,95,210,75,,,,,,,,,,
Bea4Parolin,91,210,75,,,,,,,,,,
ila_pray,90,210,75,,,,,,,,,,
Parolinista militante ,85,210,75,,,,,,,,,,
Giuda ,87,210,75,,,,,,,,,,
Innocenza I,92,210,75,,,,,,,,,,
Nohabemusmabevemus,93,210,75,,,,,,,,,,
brunobarbieri,86,210,75,,,,,,,,,,
samuelamarottaa,88,210,75,,,,,,,,,,
Nym_95,91,210,75,,,,,,,,,,
LaPapessa92,79,210,75,,,,,,,,,,
ludologa,89,210,75,,,,,,,,,,
PapaX,96,210,75,,,,,,,,,,
bubusette ti siamo gi√† in casa ,89,210,75,,,,,,,,,,
Maybeshesalice,95,210,75,,,,,,,,,,
Silvia1926,100,210,75,,,,,,,,,,
Papa Razzi,96,210,75,,,,,,,,,,
Bibone,94,210,75,,,,,,,,,,
papalina,87,210,75,,,,,,,,,,
Papaprocione,90,210,75,,,,,,,,,,
Annina,88,210,75,,,,,,,,,,
SOFIS POPES,85,210,75,,,,,,,,,,
Barbi,92,210,75,,,,,,,,,,
GiulyNev,91,210,75,,,,,,,,,,
Bonfix,92,210,75,,,,,,,,,,
Parri410,92,210,75,,,,,,,,,,
Giulyvincezuppi,93,210,75,,,,,,,,,,
Flamimeno,85,210,75,,,,,,,,,,
nubileo ,89,210,75,,,,,,,,,,
rebecca gobbi,85,210,75,,,,,,,,,,
Nox ,94,210,75,,,,,,,,,,
John ,86,210,75,,,,,,,,,,
bimba del basket ,88,210,75,,,,,,,,,,
greta,85,210,75,,,,,,,,,,
axelcrovetto,88,210,75,,,,,,,,,,
Vatican girl,86,210,75,,,,,,,,,,
MaiunaGIOia,89,210,75,,,,,,,,,,
Barbydazucchero,87,210,75,,,,,,,,,,
Vati Cane,100,210,75,,,,,,,,,,
Lafarmacistadimontagna,91,210,75,,,,,,,,,,
I conclavini,93,210,75,,,,,,,,,,
SantaPeroni,93,210,75,,,,,,,,,,
lorenzapisanii,98,210,75,,,,,,,,,,
luk4,90,210,75,,,,,,,,,,
maty_sl,86,210,75,,,,,,,,,,
Papam Martinus,97,210,75,,,,,,,,,,
elieliiix,100,210,75,,,,,,,,,,
Emminem,92,210,75,,,,,,,,,,
Gio,88,210,75,,,,,,,,,,
Gyn99,93,210,75,,,,,,,,,,
Se fuma bianco,86,210,75,,,,,,,,,,
lakampy,101,210,,,,,,,,,,,
LaPapessa,95,210,75,,,,,,,,,,
lapapessa ,86,210,75,,,,,,,,,,
Virgi97!,86,210,75,,,,,,,,,,
Daienovviamente ,87,210,75,,,,,,,,,,
DonAlicio,93,210,75,,,,,,,,,,
LUDOPATICO,97,210,75,,,,,,,,,,
lulu,85,210,75,,,,,,,,,,
Ele,86,210,75,,,,,,,,,,
missii,86,210,75,,,,,,,,,,
TIRIAMO A CAMPARI,83,210,75,,,,,,,,,,
antopleppla,103,210,,,,,,,,,,,
Lory,93,210,75,,,,,,,,,,
FedericaFrancesca02,76,210,75,,,,,,,,,,
SaS,81,210,75,,,,,,,,,,
L'indul,95,210,75,,,,,,,,,,
Stoca,86,210,75,,,,,,,,,,
NUNTIUS,86,210,75,,,,,,,,,,
Papa nero,98,210,75,,,,,,,,,,
Giaci,89,210,75,,,,,,,,,,
Irene123,73,210,75,,,,,,,,,,
Angelica Sofia,75,210,75,,,,,,,,,,
Eddy Papi Chulo,78,210,75,,,,,,,,,,
Zefiro ,81,210,75,,,,,,,,,,
Angi,79,210,75,,,,,,,,,,
nicolevarini ,89,205,76,,,,,,,,,,
Papali93,84,205,76,,,,,,,,,,
Francy la Santa ,95,205,76,,,,,,,,,,
Roxy,93,205,76,,,,,,,,,,
Ungobesungo,79,205,76,,,,,,,,,,
marti,101,205,,,,,,,,,,,
Carolagc95,97,205,76,,,,,,,,,,
Chritirres0Tinali8,92,205,76,,,,,,,,,,
meiz,92,205,76,,,,,,,,,,
Alessandro I,104,205,,,,,,,,,,,
Chiara2007,97,205,76,,,,,,,,,,
IPapabili7,95,205,76,,,,,,,,,,
San Pietro üêí,101,205,,,,,,,,,,,
Ciccioecclesiastico ,86,205,76,,,,,,,,,,
Barabba innocente,96,205,76,,,,,,,,,,
Sue93,98,205,76,,,,,,,,,,
LaLuLa,100,205,76,,,,,,,,,,
marix,100,205,76,,,,,,,,,,
Pippi92,98,205,76,,,,,,,,,,
chiaramek,105,205,,,,,,,,,,,
CM,101,205,,,,,,,,,,,
Lindus ,102,205,,,,,,,,,,,
Santa Noemi ,88,205,76,,,,,,,,,,
I papi squalati,105,205,,,,,,,,,,,
Paparella96,98,205,76,,,,,,,,,,
Viki,99,205,76,,,,,,,,,,
PortaSanta,83,205,76,,,,,,,,,,
Cice3,100,205,76,,,,,,,,,,
reb ,101,205,,,,,,,,,,,
Martss,99,205,76,,,,,,,,,,
SeNonZuppiPanBagnato,75,205,76,,,,,,,,,,
sasy,98,205,76,,,,,,,,,,
San Francesco ,96,205,76,,,,,,,,,,
Giukry,89,205,76,,,,,,,,,,
Crystyna,104,205,,,,,,,,,,,
Sono esaurito mi faccio prete,98,205,76,,,,,,,,,,
Angy,98,205,76,,,,,,,,,,
paoletta,99,205,76,,,,,,,,,,
Bomber Campioni,96,205,76,,,,,,,,,,
chikkkaaa11,96,205,76,,,,,,,,,,
PapaPetardo,104,205,,,,,,,,,,,
Spv,76,205,76,,,,,,,,,,
SuperPiera,77,205,76,,,,,,,,,,
Sarapapalina,81,205,76,,,,,,,,,,
ge_giudi13,81,205,76,,,,,,,,,,
Luca00,92,205,76,,,,,,,,,,
Papanero,90,205,76,,,,,,,,,,
Veronica00,83,205,76,,,,,,,,,,
Gio;),91,205,76,,,,,,,,,,
I gesucristi,81,205,76,,,,,,,,,,
Francis Delacroix,78,205,76,,,,,,,,,,
I gesucristiani,81,205,76,,,,,,,,,,
JobPope,84,205,76,,,,,,,,,,
_nick1109_,84,205,76,,,,,,,,,,
8avio,88,205,76,,,,,,,,,,
giotondi ,85,205,76,,,,,,,,,,
Esmy,83,205,76,,,,,,,,,,
Fleming33,83,205,76,,,,,,,,,,
Caterina Maria,80,205,76,,,,,,,,,,
papessa claudia I ,77,205,76,,,,,,,,,,
abemus papa,92,205,76,,,,,,,,,,
Bastianus Vaticani,87,205,76,,,,,,,,,,
Dami11,82,205,76,,,,,,,,,,
Hirisia,78,205,76,,,,,,,,,,
Piturafreska,82,205,76,,,,,,,,,,
Valentinho,79,205,76,,,,,,,,,,
Papalini,79,205,76,,,,,,,,,,
ophelia,93,205,76,,,,,,,,,,
Lautaro I,85,205,76,,,,,,,,,,
Tode Edot,75,205,76,,,,,,,,,,
Jessitempest ,86,205,76,,,,,,,,,,
bimbaditagle69,81,205,76,,,,,,,,,,
Wendy,87,205,76,,,,,,,,,,
M.Universe‚ú®Ô∏è,88,205,76,,,,,,,,,,
BigMatteo,88,205,76,,,,,,,,,,
Pope Szymon ,92,205,76,,,,,,,,,,
BukkinaFaso,76,205,76,,,,,,,,,,
Amplify your Pope,84,205,76,,,,,,,,,,
zecchiformibus,80,205,76,,,,,,,,,,
ale.papa,79,200,77,,,,,,,,,,
Beba,80,200,77,,,,,,,,,,
Erichellaforpope,94,200,77,,,,,,,,,,
Daniela___,80,200,77,,,,,,,,,,
Borussia Papam,84,200,77,,,,,,,,,,
Cardinale Orson,95,200,77,,,,,,,,,,
Papaguard,92,200,77,,,,,,,,,,
PapaPizzaXI,95,200,77,,,,,,,,,,
EroRimastaAPapalina,88,200,77,,,,,,,,,,
Papumbo 2,94,200,77,,,,,,,,,,
Debby87b,94,200,77,,,,,,,,,,
Alelulu,92,200,77,,,,,,,,,,
LaBadessa,86,200,77,,,,,,,,,,
Exodus,97,200,77,,,,,,,,,,
sambuuuuuu,80,200,77,,,,,,,,,,
SuperPapalina,94,200,77,,,,,,,,,,
habemussara,87,200,77,,,,,,,,,,
Habemus la Papessa Viola,96,200,77,,,,,,,,,,
Bananajo,96,200,77,,,,,,,,,,
Martina.papa,82,200,77,,,,,,,,,,
Papa-razzi,88,200,77,,,,,,,,,,
Salamurayx,77,200,77,,,,,,,,,,
giulss,88,195,78,,,,,,,,,,
Conclave97,81,195,78,,,,,,,,,,
giuls,75,195,78,,,,,,,,,,
Arlem12,85,195,78,,,,,,,,,,
Lillilalla,95,195,78,,,,,,,,,,
Gabriele XVI,75,195,78,,,,,,,,,,
ciccioromeopapa,95,195,78,,,,,,,,,,
Nenala,74,195,78,,,,,,,,,,
Alemus papam,94,195,78,,,,,,,,,,
Marta,98,195,78,,,,,,,,,,
Nostradamus,98,195,78,,,,,,,,,,
papessa_aurora,100,195,78,,,,,,,,,,
Balsamone,103,195,,,,,,,,,,,
2k25lafine,98,195,78,,,,,,,,,,
Pardula,98,195,78,,,,,,,,,,
Giulio p,100,195,78,,,,,,,,,,
Lilire,102,195,,,,,,,,,,,
PapaV,96,195,78,,,,,,,,,,
Habemus Papam,82,195,78,,,,,,,,,,
Titch74,104,195,,,,,,,,,,,
Sapienzaa,99,195,78,,,,,,,,,,
MadreNoemi,103,195,,,,,,,,,,,
PeppeRusso,105,195,,,,,,,,,,,
Papa Sisto VI,94,195,78,,,,,,,,,,
nad510,102,195,,,,,,,,,,,
Mamas&papas,101,195,,,,,,,,,,,
Totta,81,195,78,,,,,,,,,,
Anns ,88,195,78,,,,,,,,,,
COSTYY,88,195,78,,,,,,,,,,
GreBenny,85,195,78,,,,,,,,,,
maa.aria_,81,195,78,,,,,,,,,,
auro,74,195,78,,,,,,,,,,
La Papessa,76,195,78,,,,,,,,,,
glorious,75,195,78,,,,,,,,,,
Culiconclave,76,195,78,,,,,,,,,,
Rtm,106,195,,,,,,,,,,,
Cicciapasticcia,79,195,78,,,,,,,,,,
Habemus Contrattus,81,195,78,,,,,,,,,,
Uh mamma mj,81,195,78,,,,,,,,,,
iitsgia,77,195,78,,,,,,,,,,
Lumy,76,195,78,,,,,,,,,,
Beav.z,80,195,78,,,,,,,,,,
verok,83,195,78,,,,,,,,,,
Nostradamus,73,195,78,,,,,,,,,,
andreamangia,82,195,78,,,,,,,,,,
gabrielestella00,90,195,78,,,,,,,,,,
gigivinello,77,195,78,,,,,,,,,,
Avemus_nothing,85,190,79,,,,,,,,,,
pipi's dream,89,190,79,,,,,,,,,,
elisaaa_motta,94,190,79,,,,,,,,,,
Marvi,91,190,79,,,,,,,,,,
Papa Lanoso,87,190,79,,,,,,,,,,
Anna,94,190,79,,,,,,,,,,
suor ilaria,92,190,79,,,,,,,,,,
Trallalero trallala I ,83,190,79,,,,,,,,,,
emmaclave,88,190,79,,,,,,,,,,
Il figlio di papa franci ,91,190,79,,,,,,,,,,
Riforma vincente,97,190,79,,,,,,,,,,
Caroletta la folletta,77,190,79,,,,,,,,,,
VeranoZombie11,92,190,79,,,,,,,,,,
Vikytagliafichi ,96,190,79,,,,,,,,,,
AlzioXI,92,190,79,,,,,,,,,,
VictoriaSiat ,83,190,79,,,,,,,,,,
Lorenza,96,190,79,,,,,,,,,,
Parolinpapaalealeee,92,190,79,,,,,,,,,,
Monnalulla,86,190,79,,,,,,,,,,
Antohr,98,190,79,,,,,,,,,,
Stefano1390,87,190,79,,,,,,,,,,
The CONCLAV,97,190,79,,,,,,,,,,
rori.conclave ,97,190,79,,,,,,,,,,
Giaduz,97,185,80,,,,,,,,,,
GrilloParlante,96,185,80,,,,,,,,,,
titti,92,185,80,,,,,,,,,,
Amici di Pizzaballa,84,185,80,,,,,,,,,,
Lollo,100,185,80,,,,,,,,,,
papagio,96,185,80,,,,,,,,,,
Lena,81,185,80,,,,,,,,,,
Santa Giulia ,80,185,80,,,,,,,,,,
Se non √® zuppi √® pan bagnato ,89,185,80,,,,,,,,,,
sofiga ,76,185,80,,,,,,,,,,
Zchegg Pontifix,84,185,80,,,,,,,,,,
Andrew,91,185,80,,,,,,,,,,
Nicol√≤ ,93,185,80,,,,,,,,,,
Benny88,86,185,80,,,,,,,,,,
Zuppiilnostrovescovo,87,185,80,,,,,,,,,,
ü•ºgiuls&pius ‚õ™Ô∏è,97,185,80,,,,,,,,,,
Zanne,90,185,80,,,,,,,,,,
Gaiuzz,86,185,80,,,,,,,,,,
PontifexMaximus,87,185,80,,,,,,,,,,
Camerlengo19,91,185,80,,,,,,,,,,
tali,88,185,80,,,,,,,,,,
Bonifacio VIII,102,185,,,,,,,,,,,
Emipapa08,91,185,80,,,,,,,,,,
Oddythepope,97,185,80,,,,,,,,,,
Ladyre2300,87,185,80,,,,,,,,,,
Aliss&Carmen,89,185,80,,,,,,,,,,
La Papessa ,91,185,80,,,,,,,,,,
giogio,85,185,80,,,,,,,,,,
Bros_04,86,185,80,,,,,,,,,,
fede ,86,185,80,,,,,,,,,,
cam.exe,91,185,80,,,,,,,,,,
La papalina,96,185,80,,,,,,,,,,
ilprofdiflaviaCarapelle.it,87,185,80,,,,,,,,,,
IlprofdiflaviaCarapelle.it,88,185,80,,,,,,,,,,
evaz,91,185,80,,,,,,,,,,
Ipapabili,86,185,80,,,,,,,,,,
angelididio,99,185,80,,,,,,,,,,
suorsusamella,90,185,80,,,,,,,,,,
dillybelu,93,185,80,,,,,,,,,,
Papa Giacomo I,100,185,80,,,,,,,,,,
moni.light,87,185,80,,,,,,,,,,
Fyury,85,185,80,,,,,,,,,,
Sant Agnese ,88,185,80,,,,,,,,,,
peraüçê,99,185,80,,,,,,,,,,
felixfor03,73,185,80,,,,,,,,,,
Suor Asia ,74,185,80,,,,,,,,,,
Vale,100,185,80,,,,,,,,,,
Rito,89,185,80,,,,,,,,,,
The Shashi Pope ,88,185,80,,,,,,,,,,
PapaBilly,92,185,80,,,,,,,,,,
desy,84,185,80,,,,,,,,,,
Schiarini,86,185,80,,,,,,,,,,
Isapizzaferma,80,185,80,,,,,,,,,,
lospamdellamicky,87,185,80,,,,,,,,,,
Bonfottini,88,185,80,,,,,,,,,,
habemus papam,85,185,80,,,,,,,,,,
Pizzaballa üíô,92,185,80,,,,,,,,,,
mypopesnameisfrensis,89,185,80,,,,,,,,,,
Tonynocera90,90,185,80,,,,,,,,,,
Papaboy,91,185,80,,,,,,,,,,
ConPapam,86,185,80,,,,,,,,,,
Pablo,84,185,80,,,,,,,,,,
Oraziomanzo2004,98,185,80,,,,,,,,,,
Conclaviful,89,185,80,,,,,,,,,,
Giiu,89,185,80,,,,,,,,,,
Asmodeus10,86,185,80,,,,,,,,,,
Papessa,84,185,80,,,,,,,,,,
Bab500,86,185,80,,,,,,,,,,
Mitsui,92,185,80,,,,,,,,,,
Bonus et malus,95,180,81,,,,,,,,,,
IlPapo666,85,180,81,,,,,,,,,,
Pagliacci i cardinali ,93,180,81,,,,,,,,,,
Luvum,85,180,81,,,,,,,,,,
TarlaConclave,91,180,81,,,,,,,,,,
Denno,87,180,81,,,,,,,,,,
Antagonista ,93,180,81,,,,,,,,,,
StaizittaE,92,180,81,,,,,,,,,,
gaialotierzo,80,180,81,,,,,,,,,,
Suorramata,86,180,81,,,,,,,,,,
Rayaaron,83,180,81,,,,,,,,,,
Draga,82,180,81,,,,,,,,,,
Penn,93,180,81,,,,,,,,,,
ERDISTE07,87,180,81,,,,,,,,,,
Alee,86,180,81,,,,,,,,,,
ChiaraMa,81,180,81,,,,,,,,,,
ScarletBitch,81,180,81,,,,,,,,,,
Holylucrezzzzzz,87,180,81,,,,,,,,,,
Vixpie,88,180,81,,,,,,,,,,
Papavalentina,85,180,81,,,,,,,,,,
Fantapapa,80,180,81,,,,,,,,,,
Men with fancy dresses,84,180,81,,,,,,,,,,
Pia01,85,180,81,,,,,,,,,,
Il Nazionale ,87,180,81,,,,,,,,,,
Fantapapa,80,180,81,,,,,,,,,,
SantaFederica89,90,180,81,,,,,,,,,,
Papa-razzy,84,180,81,,,,,,,,,,
Papadamus,89,180,81,,,,,,,,,,
AbenusAmbro,89,180,81,,,,,,,,,,
Ciuffi,96,180,81,,,,,,,,,,
Antonio_phony,94,180,81,,,,,,,,,,
Gaia,93,175,82,,,,,,,,,,
Daly.92,90,175,82,,,,,,,,,,
Sant‚ÄôAnna D‚ÄôAlfaedo,86,175,82,,,,,,,,,,
MattiaFulcini ,88,175,82,,,,,,,,,,
La papessa ,87,175,82,,,,,,,,,,
martuzs,86,175,82,,,,,,,,,,
@MattatoioÔ£ø,85,175,82,,,,,,,,,,
BatPapa,84,175,82,,,,,,,,,,
iosnsn,89,175,82,,,,,,,,,,
Ragnar ,85,175,82,,,,,,,,,,
DrLecter,86,175,82,,,,,,,,,,
michele00,96,175,82,,,,,,,,,,
espresso assassino,87,175,82,,,,,,,,,,
Lisalisa,86,175,82,,,,,,,,,,
ariannazzzzzzzz,94,175,82,,,,,,,,,,
Giada,87,175,82,,,,,,,,,,
Laurentius I,93,175,82,,,,,,,,,,
Papa,84,175,82,,,,,,,,,,
Youngpope,88,175,82,,,,,,,,,,
selenina,76,175,82,,,,,,,,,,
Sorella,82,175,82,,,,,,,,,,
Conclavando,79,175,82,,,,,,,,,,
Ale2779,96,175,82,,,,,,,,,,
Maria vergine ,93,175,82,,,,,,,,,,
PulaMea,81,175,82,,,,,,,,,,
Sarah01,88,175,82,,,,,,,,,,
Pioxdabest,88,175,82,,,,,,,,,,
La madonna,64,175,82,,,,,,,,,,
Papa Leo Rocco,88,175,82,,,,,,,,,,
Kate,89,175,82,,,,,,,,,,
Noemina11,81,175,82,,,,,,,,,,
SugarPapa,88,175,82,,,,,,,,,,
papa papabile :),97,175,82,,,,,,,,,,
la_papamobile,93,175,82,,,,,,,,,,
Kate,85,175,82,,,,,,,,,,
Pattyficazione,85,175,82,,,,,,,,,,
Annaaa,95,175,82,,,,,,,,,,
Papa Roach ,93,175,82,,,,,,,,,,
Caroluzza,88,175,82,,,,,,,,,,
Peccatoriginale,91,175,82,,,,,,,,,,
Cookie_2060,88,175,82,,,,,,,,,,
Sant‚ÄôIreneo,91,175,82,,,,,,,,,,
Sissinger ,94,175,82,,,,,,,,,,
Maktiv1,90,175,82,,,,,,,,,,
Silviay,88,175,82,,,,,,,,,,
The Poppe,88,175,82,,,,,,,,,,
Luci27,97,175,82,,,,,,,,,,
EDB,90,175,82,,,,,,,,,,
vogliamo tagle ,93,175,82,,,,,,,,,,
cardinale lawrence,87,175,82,,,,,,,,,,
Santa Laura,96,175,82,,,,,,,,,,
OirelavOnrelas,90,175,82,,,,,,,,,,
EkaRugg95,93,175,82,,,,,,,,,,
bebbixxx,86,175,82,,,,,,,,,,
PapaRottoPrimo,85,175,82,,,,,,,,,,
Polvere,93,175,82,,,,,,,,,,
Unicorno667,90,175,82,,,,,,,,,,
LaBimbadiRatzi ,90,175,82,,,,,,,,,,
SaraPisciz,92,175,82,,,,,,,,,,
Il camerlengo,91,175,82,,,,,,,,,,
papessa_anna,84,175,82,,,,,,,,,,
PapAle,92,175,82,,,,,,,,,,
cardinal_alba,86,175,82,,,,,,,,,,
Habemus Papa,93,175,82,,,,,,,,,,
JJ rocket slay,89,175,82,,,,,,,,,,
saramanfredi,96,175,82,,,,,,,,,,
MatteCando,98,175,82,,,,,,,,,,
SlayPopes,89,175,82,,,,,,,,,,
Eds,92,175,82,,,,,,,,,,
eugenia,96,175,82,,,,,,,,,,
reb_@,88,175,82,,,,,,,,,,
Papadontpreach,92,175,82,,,,,,,,,,
tina_numerouno,95,175,82,,,,,,,,,,
Paolo XIV,87,175,82,,,,,,,,,,
PASO,90,175,82,,,,,,,,,,
KambarDiva,90,175,82,,,,,,,,,,
Habemus Papabili,92,175,82,,,,,,,,,,
Purple to White,96,175,82,,,,,,,,,,
sissi,84,175,82,,,,,,,,,,
Vivaaapapiii,85,175,82,,,,,,,,,,
dannag504,84,175,82,,,,,,,,,,
alepintonn,91,175,82,,,,,,,,,,
Aless,89,175,82,,,,,,,,,,
Sant'Expo,86,175,82,,,,,,,,,,
Six,90,175,82,,,,,,,,,,
giulsszz,90,175,82,,,,,,,,,,
ali,82,175,82,,,,,,,,,,
F√®,76,175,82,,,,,,,,,,
Alebz1991,71,175,82,,,,,,,,,,
Luomoragnopaposo,77,175,82,,,,,,,,,,
Papanero ,81,175,82,,,,,,,,,,
Ubriachidiges√∫,82,175,82,,,,,,,,,,
valeantinapina ,78,175,82,,,,,,,,,,
Blastx il papa,98,170,83,,,,,,,,,,
Papa Luca l,75,170,83,,,,,,,,,,
Evelyn Immaculatus I,81,170,83,,,,,,,,,,
Farabir,80,170,83,,,,,,,,,,
Il capo ,61,170,83,,,,,,,,,,
Memole_Dolce_Memole_1983,85,170,83,,,,,,,,,,
Francesco ,77,170,83,,,,,,,,,,
FikyDani,79,170,83,,,,,,,,,,
RandagiaDeb,89,170,83,,,,,,,,,,
Flavius I,82,170,83,,,,,,,,,,
Papa o non papa,94,170,83,,,,,,,,,,
Myrskyla,94,170,83,,,,,,,,,,
Giadina,80,170,83,,,,,,,,,,
Papato liberal-conservatore ,93,170,83,,,,,,,,,,
suor marta ,94,170,83,,,,,,,,,,
Miky81,80,170,83,,,,,,,,,,
2^ Luca,88,170,83,,,,,,,,,,
teaa,90,170,83,,,,,,,,,,
Lisaz ,93,170,83,,,,,,,,,,
arigiana,86,170,83,,,,,,,,,,
Lillo,92,170,83,,,,,,,,,,
Gabri_07,84,170,83,,,,,,,,,,
iamnicolec,91,170,83,,,,,,,,,,
ross.marino02 ,87,170,83,,,,,,,,,,
Papaoutai,85,170,83,,,,,,,,,,
Malleusmaleficarum982,99,170,83,,,,,,,,,,
Malleusmaleficarum982,99,170,83,,,,,,,,,,
Micc,87,170,83,,,,,,,,,,
Ladypizzaballa,87,170,83,,,,,,,,,,
BonifaccioVIII,88,170,83,,,,,,,,,,
papa waigo,90,170,83,,,,,,,,,,
Chierichetto1998,86,170,83,,,,,,,,,,
papav,90,170,83,,,,,,,,,,
Monaca di Monza,93,170,83,,,,,,,,,,
Fralaica,89,170,83,,,,,,,,,,
toni,94,170,83,,,,,,,,,,
pioemo,91,170,83,,,,,,,,,,
PapaMella,80,170,83,,,,,,,,,,
Martuzzz,94,170,83,,,,,,,,,,
Papeete,93,170,83,,,,,,,,,,
Lavidalore,93,170,83,,,,,,,,,,
Papalina ,90,170,83,,,,,,,,,,
LaPapessa,92,170,83,,,,,,,,,,
elili,97,170,83,,,,,,,,,,
JuLs,88,170,83,,,,,,,,,,
EvvivaGesuu762,88,170,83,,,,,,,,,,
Mary01,87,170,83,,,,,,,,,,
Suor Annatem√†,95,170,83,,,,,,,,,,
ludaaa,88,170,83,,,,,,,,,,
domus iulia ,91,170,83,,,,,,,,,,
Jojoteam,86,170,83,,,,,,,,,,
meri29,97,170,83,,,,,,,,,,
Mary,90,170,83,,,,,,,,,,
Psilocibina,88,170,83,,,,,,,,,,
La Papessa,90,170,83,,,,,,,,,,
Defix,94,170,83,,,,,,,,,,
Bart,99,170,83,,,,,,,,,,
suor rossana ,80,170,83,,,,,,,,,,
papaninah,91,170,83,,,,,,,,,,
nomedivertente,94,170,83,,,,,,,,,,
LaSantaMessa ,96,170,83,,,,,,,,,,
auro,97,170,83,,,,,,,,,,
Papa Franci,90,170,83,,,,,,,,,,
Framartinocampanaro,99,170,83,,,,,,,,,,
Postfrancisco,86,170,83,,,,,,,,,,
Gattolicesimo,89,170,83,,,,,,,,,,
emmphetamine,96,170,83,,,,,,,,,,
KookiePapa,91,170,83,,,,,,,,,,
Mick73,98,170,83,,,,,,,,,,
CONCLARAH,93,170,83,,,,,,,,,,
fonta40065,92,170,83,,,,,,,,,,
LucaRizz,88,170,83,,,,,,,,,,
Arnoldspazzanewer,95,170,83,,,,,,,,,,
barbiecapobranco,87,170,83,,,,,,,,,,
Mapi12,88,170,83,,,,,,,,,,
SuorEsaurita,93,170,83,,,,,,,,,,
mea.0,93,170,83,,,,,,,,,,
Engi,91,170,83,,,,,,,,,,
Iresanta,88,170,83,,,,,,,,,,
giovannaconclave,93,170,83,,,,,,,,,,
PAPArazzi25_,95,170,83,,,,,,,,,,
FantaLu,92,170,83,,,,,,,,,,
Levy,97,170,83,,,,,,,,,,
Papabili di Maddy,95,170,83,,,,,,,,,,
ale,94,170,83,,,,,,,,,,
Habemus,84,170,83,,,,,,,,,,
Tanchiaric,104,170,,,,,,,,,,,
Mary123,102,170,,,,,,,,,,,
perapapa,93,170,83,,,,,,,,,,
Giafra,90,170,83,,,,,,,,,,
AteoConclamato78,97,170,83,,,,,,,,,,
asdrubale49,88,170,83,,,,,,,,,,
mirivall,95,170,83,,,,,,,,,,
alemerlu,94,170,83,,,,,,,,,,
tripp,87,170,83,,,,,,,,,,
Si üßπ ogni morta di papa,86,170,83,,,,,,,,,,
San Crispino... Ah ma √® Ronco!,88,170,83,,,,,,,,,,
Auri_Gilmore,91,170,83,,,,,,,,,,
suorcristina,94,170,83,,,,,,,,,,
Cardinal Copia,90,170,83,,,,,,,,,,
Emmas,88,170,83,,,,,,,,,,
milk,90,170,83,,,,,,,,,,
Giodeth ,88,170,83,,,,,,,,,,
Ale,84,170,83,,,,,,,,,,
Gaebatt40,83,170,83,,,,,,,,,,
Antonio_phony,92,170,83,,,,,,,,,,
Shun,82,170,83,,,,,,,,,,
Nicoleeeee,77,170,83,,,,,,,,,,
Roby90,79,165,84,,,,,,,,,,
chrypalli,82,165,84,,,,,,,,,,
Giakthebert,75,165,84,,,,,,,,,,
Angela e Pedro ,83,165,84,,,,,,,,,,
alpi1991,87,165,84,,,,,,,,,,
Wipapi_81,85,165,84,,,,,,,,,,
Bo,73,165,84,,,,,,,,,,
Flebus,86,165,84,,,,,,,,,,
cmq.giovanni,89,165,84,,,,,,,,,,
Valecighe,91,165,84,,,,,,,,,,
Elisa99bec,93,165,84,,,,,,,,,,
Papa Bile,90,165,84,,,,,,,,,,
miriona,86,165,84,,,,,,,,,,
Figaro180,77,165,84,,,,,,,,,,
Francesca,90,165,84,,,,,,,,,,
Fazzoscritti,90,165,84,,,,,,,,,,
Dopomissitaliaavremoilpapanero,89,165,84,,,,,,,,,,
FantaCami,87,165,84,,,,,,,,,,
GLI SCOMUNICATI ,102,165,,,,,,,,,,,
Giuuusyfe,91,165,84,,,,,,,,,,
Leon,87,165,84,,,,,,,,,,
Pope,72,165,84,,,,,,,,,,
Selvy ,86,165,84,,,,,,,,,,
LaPapessa92 ,86,165,84,,,,,,,,,,
Paphouse,86,165,84,,,,,,,,,,
lessya,95,165,84,,,,,,,,,,
La regina del caff√® ,85,165,84,,,,,,,,,,
Camerlengo di Domidossola,85,165,84,,,,,,,,,,
Dioprendimiconte,87,165,84,,,,,,,,,,
FantaFrancesca,97,165,84,,,,,,,,,,
Luigi,93,165,84,,,,,,,,,,
lavish,86,165,84,,,,,,,,,,
Papessa,93,165,84,,,,,,,,,,
Los papas negros,80,165,84,,,,,,,,,,
Waltersolepapanero,81,165,84,,,,,,,,,,
piccola,90,165,84,,,,,,,,,,
filippica,82,160,85,,,,,,,,,,
Karisma,78,160,85,,,,,,,,,,
claudiaaiello,72,160,85,,,,,,,,,,
ludo_mac,84,160,85,,,,,,,,,,
ludo_mac ,84,160,85,,,,,,,,,,
Lilly955,76,160,85,,,,,,,,,,
Cloro al Clero,68,160,85,,,,,,,,,,
fedeave,69,160,85,,,,,,,,,,
Santa Tata,94,160,85,,,,,,,,,,
Camorion ,93,160,85,,,,,,,,,,
MadonneFC,94,160,85,,,,,,,,,,
Feles94,100,160,85,,,,,,,,,,
FNFrancy ,89,160,85,,,,,,,,,,
solis,95,160,85,,,,,,,,,,
PapaperPoppe,95,160,85,,,,,,,,,,
Mia,89,160,85,,,,,,,,,,
Pizzadancer,87,160,85,,,,,,,,,,
valerizzini,90,160,85,,,,,,,,,,
spazialecs,98,160,85,,,,,,,,,,
MaryOnACross,93,160,85,,,,,,,,,,
Advictoriam,94,160,85,,,,,,,,,,
HABEMUS CAPA(M) ,86,160,85,,,,,,,,,,
Giuda ,93,160,85,,,,,,,,,,
FrancescooPontMax,93,160,85,,,,,,,,,,
Lulu2003,87,160,85,,,,,,,,,,
mary,87,160,85,,,,,,,,,,
TopOfThePopes,88,160,85,,,,,,,,,,
galluccio,92,160,85,,,,,,,,,,
PapessaElla,73,160,85,,,,,,,,,,
Gigi D‚Äôalessio Papa,88,160,85,,,,,,,,,,
Chix_95,92,160,85,,,,,,,,,,
PesceNero_67,95,160,85,,,,,,,,,,
batman,97,160,85,,,,,,,,,,
saabrina,95,160,85,,,,,,,,,,
avepapa.gg,86,160,85,,,,,,,,,,
Ixe3110!,93,160,85,,,,,,,,,,
FranciscusSquad,88,160,85,,,,,,,,,,
Emy,102,160,,,,,,,,,,,
PapaSquad,86,160,85,,,,,,,,,,
Jexclave,95,160,85,,,,,,,,,,
ILCONCLAV ,87,160,85,,,,,,,,,,
Sofy,100,160,85,,,,,,,,,,
Zuppilove,87,160,85,,,,,,,,,,
Papa PioTutto,99,160,85,,,,,,,,,,
PapaSully94,97,160,85,,,,,,,,,,
Zuppistan,87,160,85,,,,,,,,,,
ErosCaputMundi,95,160,85,,,,,,,,,,
Benve,91,160,85,,,,,,,,,,
La Papessa,88,160,85,,,,,,,,,,
fumata mystica ,97,160,85,,,,,,,,,,
Rimodes,94,160,85,,,,,,,,,,
padre spranga,98,160,85,,,,,,,,,,
papaantifascista,83,160,85,,,,,,,,,,
gallettoprime,88,160,85,,,,,,,,,,
Habemus papa,71,155,86,,,,,,,,,,
rebecca,81,155,86,,,,,,,,,,
GiGi,80,155,86,,,,,,,,,,
DavSport,73,155,86,,,,,,,,,,
miapapa,81,155,86,,,,,,,,,,
Il_comunista_incazzato ,78,155,86,,,,,,,,,,
Giulix ,83,155,86,,,,,,,,,,
Trash boss,74,155,86,,,,,,,,,,
IlCino,84,155,86,,,,,,,,,,
icardinalidigiulia,77,155,86,,,,,,,,,,
Boh,81,155,86,,,,,,,,,,
Papa Leone I II,76,155,86,,,,,,,,,,
Whittelsbach,90,155,86,,,,,,,,,,
relisa,88,155,86,,,,,,,,,,
AndreaCan11,91,155,86,,,,,,,,,,
Irene,90,155,86,,,,,,,,,,
Conclave League,92,155,86,,,,,,,,,,
Soff,80,155,86,,,,,,,,,,
bellastoria,87,155,86,,,,,,,,,,
stefi,73,155,86,,,,,,,,,,
ChierichettoMaldestro,88,155,86,,,,,,,,,,
SorellaBea,77,155,86,,,,,,,,,,
Ali,74,155,86,,,,,,,,,,
Che Dio ci aiuti ,78,155,86,,,,,,,,,,
Papanni,84,155,86,,,,,,,,,,
BenedettaGiorgiaSedicesima,79,155,86,,,,,,,,,,
Dama,83,155,86,,,,,,,,,,
Manchester capuano,71,155,86,,,,,,,,,,
chrichrino,87,155,86,,,,,,,,,,
Luca_Ponsi03,97,155,86,,,,,,,,,,
papabili2k25,82,155,86,,,,,,,,,,
saretta,73,155,86,,,,,,,,,,
ilConclavesimo,81,155,86,,,,,,,,,,
Pap√† Razzo,75,155,86,,,,,,,,,,
CheDiocelomandibuono,83,155,86,,,,,,,,,,
rikkyemmorty,75,155,86,,,,,,,,,,
pietro_dez,79,155,86,,,,,,,,,,
Mustoop CC,80,155,86,,,,,,,,,,
Minions,82,155,86,,,,,,,,,,
KutnoPowers,72,155,86,,,,,,,,,,
Papa Vero da oppio (dei popoli),80,155,86,,,,,,,,,,
Auriz,83,155,86,,,,,,,,,,
Panta Rhei,78,155,86,,,,,,,,,,
Giammy,78,155,86,,,,,,,,,,
Chiara,86,155,86,,,,,,,,,,
vogliounmartini04,86,155,86,,,,,,,,,,
Sawyy,77,155,86,,,,,,,,,,
Gira99,78,155,86,,,,,,,,,,
Lalagghi,83,155,86,,,,,,,,,,
Roberto3989,78,155,86,,,,,,,,,,
Papa Leonello Gran Bordello,82,155,86,,,,,,,,,,
Don De Jesus,86,155,86,,,,,,,,,,
Papa Yuri I,83,155,86,,,,,,,,,,
Saarastro ,84,155,86,,,,,,,,,,
dade126,77,155,86,,,,,,,,,,
Papalina ,87,150,87,,,,,,,,,,
Papa-razzi,82,150,87,,,,,,,,,,
Cvrxs,72,150,87,,,,,,,,,,
SempreSanta,79,150,87,,,,,,,,,,
P0Rc0d1dd10,86,150,87,,,,,,,,,,
pavi,85,150,87,,,,,,,,,,
Papessa,89,150,87,,,,,,,,,,
kixel,94,150,87,,,,,,,,,,
whereisemanuela,74,150,87,,,,,,,,,,
GiuliaBZ,64,150,87,,,,,,,,,,
Tiaiaiaohh,97,150,87,,,,,,,,,,
Papa susillo,73,150,87,,,,,,,,,,
Cardinal Immortalis,86,150,87,,,,,,,,,,
AnnaPont ,83,150,87,,,,,,,,,,
Beuz55,83,150,87,,,,,,,,,,
Zeusolimpus97 ,84,150,87,,,,,,,,,,
Mattietoe,91,150,87,,,,,,,,,,
Luca_march,74,145,88,,,,,,,,,,
Ciotti,85,145,88,,,,,,,,,,
L3ila,81,145,88,,,,,,,,,,
LaDivinaProvvidenzaüïäÔ∏è,83,145,88,,,,,,,,,,
Lux,82,145,88,,,,,,,,,,
Salvamondo,81,145,88,,,,,,,,,,
Kata,92,145,88,,,,,,,,,,
Lanzapapa,81,145,88,,,,,,,,,,
Papa Patato,89,145,88,,,,,,,,,,
Conclaviamo tutti,88,145,88,,,,,,,,,,
catanzaro1,74,145,88,,,,,,,,,,
Elena.Mondello,89,145,88,,,,,,,,,,
CarValeSole,81,145,88,,,,,,,,,,
Che Zuppi,88,145,88,,,,,,,,,,
valee,75,145,88,,,,,,,,,,
Papalina,66,145,88,,,,,,,,,,
GayAllDay,90,145,88,,,,,,,,,,
Silvia,81,145,88,,,,,,,,,,
ThePoppa‚Äôs ,91,145,88,,,,,,,,,,
Langdon ,91,145,88,,,,,,,,,,
l30p14,76,145,88,,,,,,,,,,
Conclavehh,75,145,88,,,,,,,,,,
PepyStar88,91,145,88,,,,,,,,,,
Saraaüßö‚Äç‚ôÄÔ∏è,89,145,88,,,,,,,,,,
eva.sioneditasse,81,145,88,,,,,,,,,,
Fantacardinale,81,145,88,,,,,,,,,,
Mimi,74,145,88,,,,,,,,,,
zuzzu ,78,145,88,,,,,,,,,,
Jacopo,72,145,88,,,,,,,,,,
juppi ,83,145,88,,,,,,,,,,
vittovaticano25,76,145,88,,,,,,,,,,
Habemus Infernum,76,145,88,,,,,,,,,,
Laurella,82,145,88,,,,,,,,,,
andre365,79,145,88,,,,,,,,,,
ali la figa ,85,145,88,,,,,,,,,,
ninam ,75,145,88,,,,,,,,,,
saraaa,82,145,88,,,,,,,,,,
TheYangPope,86,145,88,,,,,,,,,,
GianlucaMz,78,145,88,,,,,,,,,,
santacarri,68,145,88,,,,,,,,,,
Conclav-girl,80,145,88,,,,,,,,,,
habemus_prr_prr_patapim,79,145,88,,,,,,,,,,
G.Grace.05,80,145,88,,,,,,,,,,
sm4lls,80,145,88,,,,,,,,,,
Enzo,86,145,88,,,,,,,,,,
vitorotondo,79,145,88,,,,,,,,,,
The Shashi Pope,81,145,88,,,,,,,,,,
Wale1991,86,145,88,,,,,,,,,,
CaitKir,77,145,88,,,,,,,,,,
martiinaa,76,145,88,,,,,,,,,,
irene2584,74,145,88,,,,,,,,,,
Simone III,72,145,88,,,,,,,,,,
Papapeppe,85,145,88,,,,,,,,,,
Havemus papa o no,75,145,88,,,,,,,,,,
Gloy Santer,82,145,88,,,,,,,,,,
Santa Alessia da quel paese,78,145,88,,,,,,,,,,
popearigato,78,145,88,,,,,,,,,,
fantapapa,77,145,88,,,,,,,,,,
Asagaia,75,145,88,,,,,,,,,,
Il Capopriore,80,145,88,,,,,,,,,,
LeoTamagno,75,145,88,,,,,,,,,,
Marika2000,70,140,89,,,,,,,,,,
ludo_09,88,140,89,,,,,,,,,,
ele.gerry,98,140,89,,,,,,,,,,
Annyflute,74,140,89,,,,,,,,,,
adol_feat_lear,95,140,89,,,,,,,,,,
SantaClaus,85,140,89,,,,,,,,,,
Papamango ,82,140,89,,,,,,,,,,
Maka,90,140,89,,,,,,,,,,
Alienor666,89,140,89,,,,,,,,,,
PapAnna,94,140,89,,,,,,,,,,
SuorChiara,90,140,89,,,,,,,,,,
dieghino,93,140,89,,,,,,,,,,
mortounpapasenefaunaltro,88,140,89,,,,,,,,,,
salvos,87,140,89,,,,,,,,,,
satyaxska,69,140,89,,,,,,,,,,
GeorgForPope,77,140,89,,,,,,,,,,
drip drip drip il tuo papa √® pieno di slim,78,140,89,,,,,,,,,,
Diavoli,68,140,89,,,,,,,,,,
Papaconci,82,140,89,,,,,,,,,,
leone XII,70,140,89,,,,,,,,,,
bennymera,71,140,89,,,,,,,,,,
Esselle,96,140,89,,,,,,,,,,
Santitutti,90,140,89,,,,,,,,,,
Sacrumprofanum01,88,140,89,,,,,,,,,,
Next generation,83,140,89,,,,,,,,,,
Cumclave,79,140,89,,,,,,,,,,
Il papabile,92,140,89,,,,,,,,,,
Sorella Wally,75,140,89,,,,,,,,,,
GiovaFrancy25,89,140,89,,,,,,,,,,
GiovaFrancy25,89,140,89,,,,,,,,,,
Extraomnes,87,140,89,,,,,,,,,,
Palisapa99,95,140,89,,,,,,,,,,
Rtm3hecewd,86,140,89,,,,,,,,,,
Ale,74,140,89,,,,,,,,,,
VAMOSZUPPI,79,140,89,,,,,,,,,,
stefycocchy,79,140,89,,,,,,,,,,
Ziaromy,77,140,89,,,,,,,,,,
Buffy,74,140,89,,,,,,,,,,
papav,81,140,89,,,,,,,,,,
SbuPope,77,140,89,,,,,,,,,,
PioUno,80,140,89,,,,,,,,,,
PapaRazzi,85,140,89,,,,,,,,,,
PioUno,80,140,89,,,,,,,,,,
HabemusPapessa,76,140,89,,,,,,,,,,
Chiaradinosauro,84,140,89,,,,,,,,,,
Mariluna92,86,140,89,,,,,,,,,,
Vaffanlave,82,140,89,,,,,,,,,,
Santa Noemi ,81,140,89,,,,,,,,,,
Rassinam Papam,92,140,89,,,,,,,,,,
CARDINAL UNITED ,84,140,89,,,,,,,,,,
habiminuspapi,81,140,89,,,,,,,,,,
Happyshalala94,81,140,89,,,,,,,,,,
alev,86,140,89,,,,,,,,,,
SfumataNera,93,140,89,,,,,,,,,,
FelixLeo97,77,140,89,,,,,,,,,,
Rcoma99,76,140,89,,,,,,,,,,
Maria Estuaria 1985,77,140,89,,,,,,,,,,
papanero,81,140,89,,,,,,,,,,
ClaudioF2014,95,140,89,,,,,,,,,,
VanTati,79,140,89,,,,,,,,,,
Panico,77,140,89,,,,,,,,,,
lalanciaflavia,80,140,89,,,,,,,,,,
leti atzeni ,82,140,89,,,,,,,,,,
Papa Ramon I,81,140,89,,,,,,,,,,
Fumata Nera,81,140,89,,,,,,,,,,
asiadep ,89,140,89,,,,,,,,,,
TeoDoraL‚ÄôEsploratrice,77,140,89,,,,,,,,,,
Pap√† Sidero,85,140,89,,,,,,,,,,
mems,75,140,89,,,,,,,,,,
cadi.giu,83,140,89,,,,,,,,,,
Tristiano&Isotta,74,140,89,,,,,,,,,,
mich.elle,81,140,89,,,,,,,,,,
Pita,84,140,89,,,,,,,,,,
Valesof√¨,76,140,89,,,,,,,,,,
elena29,76,140,89,,,,,,,,,,
LaPapabile89,88,140,89,,,,,,,,,,
Francis,75,140,89,,,,,,,,,,
saby,78,140,89,,,,,,,,,,
Lauretta,81,140,89,,,,,,,,,,
Agnesepov,91,140,89,,,,,,,,,,
diocane,85,140,89,,,,,,,,,,
frafra,77,140,89,,,,,,,,,,
Rora,73,140,89,,,,,,,,,,
costaaale,74,140,89,,,,,,,,,,
papAle,75,140,89,,,,,,,,,,
Elsa regina di Arendelle,79,140,89,,,,,,,,,,
Pit84,75,140,89,,,,,,,,,,
lastpope26,85,140,89,,,,,,,,,,
Sebastiano Fame Di Libri,78,140,89,,,,,,,,,,
PIPLUP,85,140,89,,,,,,,,,,
Santa Martina da Messina ,87,140,89,,,,,,,,,,
ceciliaaaa,80,140,89,,,,,,,,,,
Sofy,75,140,89,,,,,,,,,,
coco,91,140,89,,,,,,,,,,
Rosyesaurita,86,140,89,,,,,,,,,,
Vatican88,75,140,89,,,,,,,,,,
Jules R,77,140,89,,,,,,,,,,
lafranciss,74,140,89,,,,,,,,,,
Purple to White,85,140,89,,,,,,,,,,
Catyüåª,76,140,89,,,,,,,,,,
clarybetlemme ,86,140,89,,,,,,,,,,
CamiPapa,88,140,89,,,,,,,,,,
LetyG,85,140,89,,,,,,,,,,
Elenarosa007,80,140,89,,,,,,,,,,
new papaüí™üèæ,85,140,89,,,,,,,,,,
beuz,89,140,89,,,,,,,,,,
Sarina,80,140,89,,,,,,,,,,
papessa,82,140,89,,,,,,,,,,
Maticat,82,140,89,,,,,,,,,,
Eski,98,140,89,,,,,,,,,,
Nilde,82,140,89,,,,,,,,,,
Filip.pino,67,140,89,,,,,,,,,,
Tina,69,140,89,,,,,,,,,,
giadss,74,140,89,,,,,,,,,,
Mellymagic,65,140,89,,,,,,,,,,
Papa Waigo II,66,140,89,,,,,,,,,,
Pappa Papale,83,135,90,,,,,,,,,,
Ari,82,135,90,,,,,,,,,,
Papi,91,135,90,,,,,,,,,,
Aleseddaa,79,135,90,,,,,,,,,,
Exnovo16,84,135,90,,,,,,,,,,
peppepic,68,135,90,,,,,,,,,,
Reg,86,135,90,,,,,,,,,,
Uncle_silo,96,135,90,,,,,,,,,,
IlFlavioPapale,76,135,90,,,,,,,,,,
Sientopussadimierda,76,135,90,,,,,,,,,,
Rumbo,79,135,90,,,,,,,,,,
Ele_Ackem4n,82,135,90,,,,,,,,,,
Martinz,75,135,90,,,,,,,,,,
capo69,75,135,90,,,,,,,,,,
Marty,78,135,90,,,,,,,,,,
papa-razzi,77,135,90,,,,,,,,,,
okleftthe,79,135,90,,,,,,,,,,
PapaValery,83,135,90,,,,,,,,,,
Gio-co,76,135,90,,,,,,,,,,
Alessiopapa,82,135,90,,,,,,,,,,
Chiaretondo ,81,135,90,,,,,,,,,,
FantaCane,73,135,90,,,,,,,,,,
Buttate la chiave ,80,135,90,,,,,,,,,,
Osannaeh04,90,135,90,,,,,,,,,,
Grandesha,78,135,90,,,,,,,,,,
And,89,135,90,,,,,,,,,,
Le papesse,82,135,90,,,,,,,,,,
Stefa53268,67,135,90,,,,,,,,,,
FantaPenc,90,130,91,,,,,,,,,,
tantafede,86,130,91,,,,,,,,,,
mimil√π,96,130,91,,,,,,,,,,
La_serenuzz,70,130,91,,,,,,,,,,
Ape Regina,86,130,91,,,,,,,,,,
Lamessa√®finitandateinpace,76,130,91,,,,,,,,,,
anns ,78,130,91,,,,,,,,,,
alesborto,75,130,91,,,,,,,,,,
Blueyes97,75,130,91,,,,,,,,,,
Santa Beatrice protettrice dei cavallini e delle mini caprette,84,130,91,,,,,,,,,,
IreneU,96,130,91,,,,,,,,,,
SantaMarta,90,130,91,,,,,,,,,,
ABEMUS PAPA,79,130,91,,,,,,,,,,
PapaLina,93,130,91,,,,,,,,,,
Ele.mua,81,130,91,,,,,,,,,,
giogio,83,130,91,,,,,,,,,,
SACRO CUORE,89,130,91,,,,,,,,,,
Sono_giapponese,85,130,91,,,,,,,,,,
papa-ntastici,88,130,91,,,,,,,,,,
PapaV,87,130,91,,,,,,,,,,
ZankeG ,78,130,91,,,,,,,,,,
loris.chinca,75,130,91,,,,,,,,,,
Lapapa_lina,92,130,91,,,,,,,,,,
Gaggia19,82,130,91,,,,,,,,,,
Sarab,79,130,91,,,,,,,,,,
Ariadne24,86,130,91,,,,,,,,,,
Wendy ,81,130,91,,,,,,,,,,
Giorgeen,79,130,91,,,,,,,,,,
Beddy,80,130,91,,,,,,,,,,
EliGio,83,130,91,,,,,,,,,,
Santale17,83,130,91,,,,,,,,,,
capos,75,130,91,,,,,,,,,,
papavadanoncincischi,92,130,91,,,,,,,,,,
Don Giovanni,85,130,91,,,,,,,,,,
LuMea,83,130,91,,,,,,,,,,
3ricasa,73,130,91,,,,,,,,,,
HabemusPapam,85,130,91,,,,,,,,,,
Beuccia,89,130,91,,,,,,,,,,
TATAPOPE,93,130,91,,,,,,,,,,
Santa Priscilla,75,130,91,,,,,,,,,,
isaa,78,130,91,,,,,,,,,,
DIOS ILLUMINAME ,76,130,91,,,,,,,,,,
LastHiru,80,130,91,,,,,,,,,,
Ame,85,130,91,,,,,,,,,,
 Marghe ,87,130,91,,,,,,,,,,
Zanibrixio,89,130,91,,,,,,,,,,
Glbnclz,78,130,91,,,,,,,,,,
fra,90,130,91,,,,,,,,,,
tacofritto ,81,130,91,,,,,,,,,,
j0nn18,84,130,91,,,,,,,,,,
Anna,81,130,91,,,,,,,,,,
Santa Gretuzza protettrice dei parcheggi,84,130,91,,,,,,,,,,
La papessa ,76,130,91,,,,,,,,,,
Bisc,86,130,91,,,,,,,,,,
IK98,80,130,91,,,,,,,,,,
3DPodcast,80,130,91,,,,,,,,,,
PAPAbile,78,130,91,,,,,,,,,,
Marty,80,130,91,,,,,,,,,,
Papalina,78,125,92,,,,,,,,,,
Mauritius Primus,65,125,92,,,,,,,,,,
Clara280301,72,125,92,,,,,,,,,,
Val_eria9855 ,81,125,92,,,,,,,,,,
edolardo,83,125,92,,,,,,,,,,
Mari,76,125,92,,,,,,,,,,
Suspa,80,125,92,,,,,,,,,,
Mar Tina,79,125,92,,,,,,,,,,
Yenni,73,125,92,,,,,,,,,,
Safecla,77,120,93,,,,,,,,,,
Francesca ,86,120,93,,,,,,,,,,
Biagio,78,120,93,,,,,,,,,,
MirianaLB ,77,120,93,,,,,,,,,,
Viv1234567,87,120,93,,,,,,,,,,
ConclavinE,78,120,93,,,,,,,,,,
Dadolf,78,120,93,,,,,,,,,,
TinaTeam ,74,120,93,,,,,,,,,,
mirkessa,84,120,93,,,,,,,,,,
Nix_,74,120,93,,,,,,,,,,
Nix,74,120,93,,,,,,,,,,
Ali.ciarlaa,79,120,93,,,,,,,,,,
Lucaaaaa,72,120,93,,,,,,,,,,
Papa_al_pomodoro,71,120,93,,,,,,,,,,
Ligasar ,66,115,94,,,,,,,,,,
Paoa V,81,115,94,,,,,,,,,,
lascottiii,68,115,94,,,,,,,,,,
Ricky97,84,115,94,,,,,,,,,,
Laura,76,115,94,,,,,,,,,,
Chiaibi,73,115,94,,,,,,,,,,
LaBusii,88,115,94,,,,,,,,,,
Er pApone,75,115,94,,,,,,,,,,
VIANDANTE,85,115,94,,,,,,,,,,
leticleme,71,115,94,,,,,,,,,,
Alessandro,76,115,94,,,,,,,,,,
Cdm17,72,115,94,,,,,,,,,,
marghe,83,115,94,,,,,,,,,,
alyINF,80,115,94,,,,,,,,,,
BorgiaBoys,71,115,94,,,,,,,,,,
Memole-83,80,115,94,,,,,,,,,,
Kaos__02,80,115,94,,,,,,,,,,
Ale,80,110,95,,,,,,,,,,
TONY C,80,110,95,,,,,,,,,,
ele,87,110,95,,,,,,,,,,
La Lumaca di Corleone ,82,110,95,,,,,,,,,,
Padre Maronno,75,110,95,,,,,,,,,,
AnnaeMike,87,110,95,,,,,,,,,,
Santa Valeria Squad ,82,110,95,,,,,,,,,,
Elenuccc,79,110,95,,,,,,,,,,
Zuppi gang,81,110,95,,,,,,,,,,
Xsinaa,82,110,95,,,,,,,,,,
Ste95,73,110,95,,,,,,,,,,
Festinalente,78,110,95,,,,,,,,,,
papav,81,110,95,,,,,,,,,,
Filangelo,80,110,95,,,,,,,,,,
Mimi24,78,110,95,,,,,,,,,,
Mss01,80,110,95,,,,,,,,,,
PapaManta,83,110,95,,,,,,,,,,
ele bev,75,110,95,,,,,,,,,,
Mela team üçéüêç,78,110,95,,,,,,,,,,
Ginevra,78,110,95,,,,,,,,,,
CardinaleCatans ,85,110,95,,,,,,,,,,
PapaDuva,79,110,95,,,,,,,,,,
milosborozan,72,110,95,,,,,,,,,,
LaPapalina,82,110,95,,,,,,,,,,
PapiPapabili PapabiliPapi,82,110,95,,,,,,,,,,
Fra_95,82,110,95,,,,,,,,,,
Alessiogay,78,110,95,,,,,,,,,,
desisfresh,88,110,95,,,,,,,,,,
Pizza&Balla,79,110,95,,,,,,,,,,
Mantola,78,110,95,,,,,,,,,,
Chiara-,78,110,95,,,,,,,,,,
LasNiko,80,110,95,,,,,,,,,,
Rebecca,79,110,95,,,,,,,,,,
Papa Lina,78,110,95,,,,,,,,,,
Gi√π,65,110,95,,,,,,,,,,
Gino098,70,110,95,,,,,,,,,,
Fondente 100%,80,110,95,,,,,,,,,,
lasuprema,77,110,95,,,,,,,,,,
Santa Sara,81,110,95,,,,,,,,,,
Simo,79,110,95,,,,,,,,,,
Robfederico,79,110,95,,,,,,,,,,
Erkomico,81,110,95,,,,,,,,,,
Florecera ,78,110,95,,,,,,,,,,
Papamela ,80,110,95,,,,,,,,,,
papa nicola,83,110,95,,,,,,,,,,
Vic‚Äôs ,75,110,95,,,,,,,,,,
Debbyh,74,110,95,,,,,,,,,,
Fra_95,79,110,95,,,,,,,,,,
Svxk3r,75,110,95,,,,,,,,,,
Erpapabubo,82,110,95,,,,,,,,,,
chia15,90,105,96,,,,,,,,,,
Falcon,83,105,96,,,,,,,,,,
Raffy25!!,74,105,96,,,,,,,,,,
CheLePiagheDelSignore,83,105,96,,,,,,,,,,
Soso14,74,105,96,,,,,,,,,,
Gino098,79,105,96,,,,,,,,,,
Salvo ,81,105,96,,,,,,,,,,
Benny,81,105,96,,,,,,,,,,
eternagloria,87,105,96,,,,,,,,,,
DeusVult,95,105,96,,,,,,,,,,
Papatoph,84,105,96,,,,,,,,,,
VanessAxl,79,105,96,,,,,,,,,,
PAPAlection,74,105,96,,,,,,,,,,
ccaro,77,105,96,,,,,,,,,,
ledina,78,105,96,,,,,,,,,,
PapaMobile,82,105,96,,,,,,,,,,
Poparta,88,105,96,,,,,,,,,,
Dario Hubner,80,105,96,,,,,,,,,,
Bytes I,78,105,96,,,,,,,,,,
engibengi,76,105,96,,,,,,,,,,
saraforPope,80,105,96,,,,,,,,,,
fessanonpapessa,75,105,96,,,,,,,,,,
Clarissa.p,78,105,96,,,,,,,,,,
Pio per culo ,72,105,96,,,,,,,,,,
Papessa,72,105,96,,,,,,,,,,
Tradmanontroppo,62,105,96,,,,,,,,,,
Papalina,80,105,96,,,,,,,,,,
martydany,80,105,96,,,,,,,,,,
robbch,87,105,96,,,,,,,,,,
SantoPadel,75,105,96,,,,,,,,,,
Anto93,84,105,96,,,,,,,,,,
Rebbi16,66,105,96,,,,,,,,,,
giuggi,78,105,96,,,,,,,,,,
Papa Mobile,76,105,96,,,,,,,,,,
Prongs,77,105,96,,,,,,,,,,
Camerlenga nox ,78,105,96,,,,,,,,,,
Papa nero no,75,105,96,,,,,,,,,,
conchiara,90,105,96,,,,,,,,,,
DIOS LO SABES,86,105,96,,,,,,,,,,
Cabron,81,105,96,,,,,,,,,,
Eli_theQueen,86,105,96,,,,,,,,,,
BBLPope,77,105,96,,,,,,,,,,
Gaby,85,105,96,,,,,,,,,,
hehe,78,105,96,,,,,,,,,,
Chiesa liberal-conservatrice,80,105,96,,,,,,,,,,
iaia,84,100,97,,,,,,,,,,
Falco Levigato,77,100,97,,,,,,,,,,
Saintmaryfromatri,83,100,97,,,,,,,,,,
betta,81,100,97,,,,,,,,,,
Papachicca ,75,100,97,,,,,,,,,,
frull√¨ frull√†,78,100,97,,,,,,,,,,
Simo45,81,100,97,,,,,,,,,,
Jacopinik,81,100,97,,,,,,,,,,
DonMatteoPapa,77,100,97,,,,,,,,,,
mejafantastica08,79,100,97,,,,,,,,,,
Lalla ,72,100,97,,,,,,,,,,
papaciccio,79,100,97,,,,,,,,,,
sara,84,100,97,,,,,,,,,,
Mononoke ,79,100,97,,,,,,,,,,
Sannita pazzo sgravato,78,100,97,,,,,,,,,,
Nesryn,81,100,97,,,,,,,,,,
Suor Ilaria,83,100,97,,,,,,,,,,
Jessi,79,100,97,,,,,,,,,,
Petrella,80,100,97,,,,,,,,,,
Redgio79 ,70,100,97,,,,,,,,,,
Orcodio XII,81,100,97,,,,,,,,,,
smartiss,75,100,97,,,,,,,,,,
TAMALE,82,100,97,,,,,,,,,,
xxbrokendiamond,85,95,98,,,,,,,,,,
brunonettuno,83,95,98,,,,,,,,,,
ELISA,96,95,98,,,,,,,,,,
I papabili ,90,95,98,,,,,,,,,,
Pilu03,83,95,98,,,,,,,,,,
VOLPECLAVE,76,95,98,,,,,,,,,,
vvvii,92,95,98,,,,,,,,,,
Mony_brum,87,95,98,,,,,,,,,,
soofi,87,95,98,,,,,,,,,,
Luchino,62,95,98,,,,,,,,,,
ValePapa,76,95,98,,,,,,,,,,
PappaPureVodka,63,95,98,,,,,,,,,,
Betulla11,84,95,98,,,,,,,,,,
Sar√†santoloso,61,95,98,,,,,,,,,,
Sua Emilenza,76,95,98,,,,,,,,,,
Laura IX,78,95,98,,,,,,,,,,
Fantasanta,75,95,98,,,,,,,,,,
chelaforzasiaconteahno,89,95,98,,,,,,,,,,
Farrelforever,79,95,98,,,,,,,,,,
Papabile,76,95,98,,,,,,,,,,
Ilary&Don,83,95,98,,,,,,,,,,
MoonyG,78,95,98,,,,,,,,,,
Papato2025,82,95,98,,,,,,,,,,
Loladeborbonis,81,95,98,,,,,,,,,,
senzaclave_,77,95,98,,,,,,,,,,
Alipiazzi,74,95,98,,,,,,,,,,
SillyThings,83,90,99,,,,,,,,,,
Mari,59,90,99,,,,,,,,,,
arii,84,90,99,,,,,,,,,,
Robb√®,70,90,99,,,,,,,,,,
Amenalexa,71,90,99,,,,,,,,,,
Dudy,62,90,99,,,,,,,,,,
Polla,68,90,99,,,,,,,,,,
Papa Reto I,74,90,99,,,,,,,,,,
BimbiBelli,63,90,99,,,,,,,,,,
K3ndra,75,90,99,,,,,,,,,,
Leesa18,74,85,100,,,,,,,,,,
mimi,74,85,100,,,,,,,,,,
Zabubu,73,85,100,,,,,,,,,,
ARI,62,85,100,,,,,,,,,,
vinsss,76,85,100,,,,,,,,,,
Akuma.90,72,80,101,,,,,,,,,,
Clelia,68,80,101,,,,,,,,,,
Chiaraodolini,76,80,101,,,,,,,,,,
MoniaOhana,68,80,101,,,,,,,,,,
chiarett,70,80,101,,,,,,,,,,
Elenabro,77,80,101,,,,,,,,,,
Maruska87 ,74,80,101,,,,,,,,,,
Marty Missssstero,67,80,101,,,,,,,,,,
Whosthenext,78,80,101,,,,,,,,,,
Elenaaaa,70,80,101,,,,,,,,,,
Eminenza reverendissima,70,80,101,,,,,,,,,,
capocchien ,71,80,101,,,,,,,,,,
cesca,72,80,101,,,,,,,,,,
Elisa97@,72,80,101,,,,,,,,,,
Real Madre Teresa ,79,80,101,,,,,,,,,,
SimoSan,68,80,101,,,,,,,,,,
SimoMiao,71,80,101,,,,,,,,,,
lelepapa,71,80,101,,,,,,,,,,
Parolino,68,80,101,,,,,,,,,,
BonifacioRabbioso,76,80,101,,,,,,,,,,
Papicedu 2025,68,80,101,,,,,,,,,,
Ziopino ,65,80,101,,,,,,,,,,
Ale1109,63,80,101,,,,,,,,,,
Aulee,75,80,101,,,,,,,,,,
Maverik87,62,80,101,,,,,,,,,,
Papa Benito,79,80,101,,,,,,,,,,
nonlosociao123,73,80,101,,,,,,,,,,
Gaia,67,80,101,,,,,,,,,,
SantaSara,64,80,101,,,,,,,,,,
itsbritneybitch ,75,80,101,,,,,,,,,,
Vinprogin,70,80,101,,,,,,,,,,
cupcake,71,80,101,,,,,,,,,,
Greg,77,75,102,,,,,,,,,,
LenorePope,74,75,102,,,,,,,,,,
Shin Kurogane,71,75,102,,,,,,,,,,
zuppiere,71,75,102,,,,,,,,,,
emimargot,75,75,102,,,,,,,,,,
Sballacchino,70,75,102,,,,,,,,,,
Mareeo,78,75,102,,,,,,,,,,
seree.c,83,75,102,,,,,,,,,,
Colle58,87,75,102,,,,,,,,,,
WHOISTHISDIVAE,79,75,102,,,,,,,,,,
Papapapappero,83,75,102,,,,,,,,,,
Nat21,72,75,102,,,,,,,,,,
arpasuonata,72,75,102,,,,,,,,,,
Chiaracon,73,75,102,,,,,,,,,,
vichi.riva,78,75,102,,,,,,,,,,
Fede in me ,70,75,102,,,,,,,,,,
Letizia,65,75,102,,,,,,,,,,
Paride97,79,75,102,,,,,,,,,,
robertal,72,75,102,,,,,,,,,,
Prongs,70,75,102,,,,,,,,,,
Papy Francy,70,75,102,,,,,,,,,,
Arianna,75,75,102,,,,,,,,,,
asia,80,75,102,,,,,,,,,,
rafel,72,75,102,,,,,,,,,,
PAPArazzi,74,75,102,,,,,,,,,,
AlePerny,71,75,102,,,,,,,,,,
Cardinal Che Guevara,68,75,102,,,,,,,,,,
Samuele ,63,75,102,,,,,,,,,,
bonni ,76,75,102,,,,,,,,,,
Papaneropece,65,75,102,,,,,,,,,,
Eureka,68,75,102,,,,,,,,,,
Cami,88,75,102,,,,,,,,,,
ElTomato,85,75,102,,,,,,,,,,
Sigmandfreud,72,75,102,,,,,,,,,,
Papa25,71,75,102,,,,,,,,,,
Theo james,62,75,102,,,,,,,,,,
FC Incensum,65,75,102,,,,,,,,,,
Ary02,69,75,102,,,,,,,,,,
L.A.,75,75,102,,,,,,,,,,
Hazel,70,75,102,,,,,,,,,,
flaiming,64,75,102,,,,,,,,,,
bea,63,75,102,,,,,,,,,,
sorella fratella amen,72,75,102,,,,,,,,,,
Maxwell95,70,75,102,,,,,,,,,,
Sorella_Nina,73,70,103,,,,,,,,,,
Luchino,74,70,103,,,,,,,,,,
MisteroDellaFedez,72,70,103,,,,,,,,,,
Mannaggia al clero,68,70,103,,,,,,,,,,
noemiconc,63,70,103,,,,,,,,,,
I patati con le papaline ,77,65,104,,,,,,,,,,
Britzz99,67,65,104,,,,,,,,,,
chierichettaR,76,65,104,,,,,,,,,,
Sdc,90,65,104,,,,,,,,,,
Le Miracolate,70,65,104,,,,,,,,,,
cutillomelachillo,66,65,104,,,,,,,,,,
Jada,65,65,104,,,,,,,,,,
Vatimems,83,65,104,,,,,,,,,,
SuoraMango,65,65,104,,,,,,,,,,
Riccardino,72,65,104,,,,,,,,,,
PapaCortex,71,65,104,,,,,,,,,,
PulaMea,57,65,104,,,,,,,,,,
eliinvenice,66,65,104,,,,,,,,,,
GaiaG,74,65,104,,,,,,,,,,
mariasofia,72,65,104,,,,,,,,,,
ESN Roma Cattolica,81,65,104,,,,,,,,,,
Papao meravigliao,70,65,104,,,,,,,,,,
papanna,63,65,104,,,,,,,,,,
Io sono Fede,71,65,104,,,,,,,,,,
Lalla2005,77,65,104,,,,,,,,,,
Orlandi V,74,65,104,,,,,,,,,,
Bombombini gusini,77,65,104,,,,,,,,,,
Trallallero trallalla,71,65,104,,,,,,,,,,
ballerina cappucina,67,65,104,,,,,,,,,,
coricati ,72,65,104,,,,,,,,,,
claudiettapolpetta,69,65,104,,,,,,,,,,
joli,63,65,104,,,,,,,,,,
CruciFix Me,69,65,104,,,,,,,,,,
papalina,72,65,104,,,,,,,,,,
agnee_._,77,65,104,,,,,,,,,,
coleclave,64,65,104,,,,,,,,,,
L‚Äôinfermiera e il conclave,73,65,104,,,,,,,,,,
EmmaPapessa,80,65,104,,,,,,,,,,
Kirako,68,65,104,,,,,,,,,,
maicols,73,65,104,,,,,,,,,,
fratm ciccio,73,65,104,,,,,,,,,,
cardinaleporco,75,65,104,,,,,,,,,,
Taglegirl,79,65,104,,,,,,,,,,
PapAnna,71,65,104,,,,,,,,,,
SpiritualmenteNighty,84,65,104,,,,,,,,,,
Anemys,66,65,104,,,,,,,,,,
Matthi Papa,77,65,104,,,,,,,,,,
AveMichela,75,65,104,,,,,,,,,,
Francy_cimanchi,70,65,104,,,,,,,,,,
Larala,82,65,104,,,,,,,,,,
PPPPPPPPOTTERRRRRüíÖüíÖüíÖ,73,65,104,,,,,,,,,,
Dada,71,65,104,,,,,,,,,,
Ciulia,73,65,104,,,,,,,,,,
ilylapi√πforte,74,65,104,,,,,,,,,,
volevounpapanero,78,65,104,,,,,,,,,,
PaPapiazzeri,72,65,104,,,,,,,,,,
aurorelia ottava,62,65,104,,,,,,,,,,
aureola,62,65,104,,,,,,,,,,
Nezhhh,63,65,104,,,,,,,,,,
ficosasy,71,65,104,,,,,,,,,,
Sara55,74,65,104,,,,,,,,,,
Viva lo Spirito,71,60,105,,,,,,,,,,
PAPAPETO,75,55,106,,,,,,,,,,
LokoColombo,58,50,107,,,,,,,,,,
Salutavasempre,67,50,107,,,,,,,,,,
CerriChurros,76,50,107,,,,,,,,,,
MandoILProfeta,69,45,108,,,,,,,,,,
Glorieterna,63,45,108,,,,,,,,,,
Giu,80,45,108,,,,,,,,,,
Papa Benno,74,45,108,,,,,,,,,,
Croce,64,45,108,,,,,,,,,,
mads237,70,45,108,,,,,,,,,,
Bernice ,72,45,108,,,,,,,,,,
Valentinapina ,70,45,108,,,,,,,,,,
Deus Vult,76,45,108,,,,,,,,,,
martyna.02,67,45,108,,,,,,,,,,
ognimortedipapa,71,45,108,,,,,,,,,,
Ostia e caff√® ,71,45,108,,,,,,,,,,
Cri123,65,45,108,,,,,,,,,,
emmiüôèüíØüòá,74,45,108,,,,,,,,,,
Tomino,68,45,108,,,,,,,,,,
Fra Casso,69,45,108,,,,,,,,,,
PituraFreskaProfeti ,71,45,108,,,,,,,,,,
Vu,62,45,108,,,,,,,,,,
MaiUnaGioia,108,40,,,,,,,,,,,
Lallyna89 ,62,40,109,,,,,,,,,,
raffis,87,40,109,,,,,,,,,,
Pat3ri,64,40,109,,,,,,,,,,
Telepapa,67,40,109,,,,,,,,,,
Gregorio XVII,67,40,109,,,,,,,,,,
emma,68,40,109,,,,,,,,,,
santi,68,40,109,,,,,,,,,,
I papabili '25,66,40,109,,,,,,,,,,
Holly non c'√® pi√π ,65,40,109,,,,,,,,,,
Bo,79,40,109,,,,,,,,,,
Patata e salsiccia,70,40,109,,,,,,,,,,
Santomajores,71,40,109,,,,,,,,,,
Camerlengo91,71,40,109,,,,,,,,,,
Stellina‚≠êÔ∏è,66,40,109,,,,,,,,,,
atea dalla nascita ma me piace troppo sta cosa ,66,35,110,,,,,,,,,,
gesub,68,35,110,,,,,,,,,,
claudietta,75,35,110,,,,,,,,,,
Fedyinnu,64,35,110,,,,,,,,,,
PopeReveal-PD,71,35,110,,,,,,,,,,
PapaWaigoNdour,70,35,110,,,,,,,,,,
ali,72,35,110,,,,,,,,,,
Fra,64,35,110,,,,,,,,,,
Aboutstefy,64,35,110,,,,,,,,,,
Vescovo Valdobbiadene,61,35,110,,,,,,,,,,
Benedict14,66,30,111,,,,,,,,,,
Fantapapabile,67,30,111,,,,,,,,,,
Pepberg,86,30,111,,,,,,,,,,
conCLAVERIO,66,30,111,,,,,,,,,,
Rebs,73,30,111,,,,,,,,,,
Bennipoz,75,30,111,,,,,,,,,,
m.marchesi.org,64,30,111,,,,,,,,,,
Raggiodivino,74,30,111,,,,,,,,,,
EugenioPacelli,75,30,111,,,,,,,,,,
LaLalli,72,30,111,,,,,,,,,,
Nicki J,74,30,111,,,,,,,,,,
Partheric,59,20,112,,,,,,,,,,
Nadiuuzz,67,20,112,,,,,,,,,,
Marianna l,68,20,112,,,,,,,,,,
Sorella_Roma,54,15,113,,,,,,,,,,
sof36,54,15,113,,,,,,,,,,
Cooekks,60,15,113,,,,,,,,,,
San C,63,15,113,,,,,,,,,,
Papa Razzi,65,10,114,,,,,,,,,,
fiore,63,10,114,,,,,,,,,,
Galgith ,55,10,114,,,,,,,,,,
Ges√π vi vede ,59,10,114,,,,,,,,,,
Mileee,65,10,114,,,,,,,,,,
kicone,66,10,114,,,,,,,,,,
sonocontrolachiesa,56,10,114,,,,,,,,,,
GeorgeForPope‚ù§Ô∏è,66,10,114,,,,,,,,,,
bettina28,60,10,114,,,,,,,,,,
Ripapafrancesco,66,10,114,,,,,,,,,,
Vicki ,49,10,114,,,,,,,,,,
troia bagassa,54,5,115,,,,,,,,,,
Il mondo della chiesa Sa,65,5,115,,,,,,,,,,
FantaPapaDiPap√†,52,5,115,,,,,,,,,,
Z4ckkennyazz,51,5,115,,,,,,,,,,
elisa libasci ,56,5,115,,,,,,,,,,
dwadada,7,0,116,,,,,,,,,,
Sabry,64,0,116,,,,,,,,,,
Unicornprincess ,58,0,116,,,,,,,,,,
Bearbante,59,0,116,,,,,,,,,,
DajanoneBabbanone,60,0,116,,,,,,,,,,
buonSM,67,0,116,,,,,,,,,,
betta,51,0,116,,,,,,,,,,
francesca ,56,0,116,,,,,,,,,,
francesca,61,0,116,,,,,,,,,,
sofi,57,0,116,,,,,,,,,,
Papalella ,63,0,116,,,,,,,,,,
Papaciro10,62,0,116,,,,,,,,,,
diocane pordodioladro,60,0,116,,,,,,,,,,
QueenBey,54,0,116,,,,,,,,,,
Nelnomedelpadre,51,0,116,,,,,,,,,,
:) ,55,0,116,,,,,,,,,,