Papalina Gialla,99,695,1,,,,,,,Nomi ,,,1
Sibenik73,59,550,2,,,,,,,,,,2
Giuda,94,535,3,,,,,,,,,,3
Nich10_11,95,530,4,,,,,,,,francesco,,4
Teamzuppi,97,515,5,,,,,,,,,,5
Necca,96,515,5,,,,,,,,,,6
Mary__ac,98,515,5,,,,,,,,,,7
Cris.tano,70,510,6,,,,,,,,,,8
Elena ,85,510,6,,,,,,,,,,9
acaciotta,98,505,7,,,,,,,,,,10
lapapessa334,97,505,7,,,,,,,,,,11
PapaLino,74,505,7,,,,,,,,,,12
papa v,85,500,8,,,,,,,,,,13
Habemus Eka ,89,500,8,,,,,,,,,,14
Orlandi83,96,500,8,,,,,,,,,,15
Marili,86,495,9,,,,,,,,,,16
Nico,87,495,9,,,,,,,,,,17
LCG,96,485,10,,,,,,,,,,18
Larosacremisi,97,480,11,,,,,,,,,,19
Francis90,86,480,11,,,,,,,,,,20
lascomunicata,99,480,11,,,,,,,,,,21
Yas365,90,480,11,,,,,,,,,,22
Logatto,75,480,11,,,,,,,,,,23
Voglio Zuppi,86,475,12,,,,,,,,,,24
becky.,92,475,12,,,,,,,,,,25
Anima_pia,93,475,12,,,,,,,,,,26
La Curia dei Campioni,75,475,12,,,,,,,,,,27
Fanta Bolla Papale,99,470,13,,,,,,,,,,28
HitPope,97,470,13,,,,,,,,,,29
MegliodiFrancescoNonSiPu√≥,85,465,14,,,,,,,,,,30
Dede,89,465,14,,,,,,,,,,31
CDRsceglieIlPapa,85,460,15,,,,,,,,,,32
IncappucciatiAnonimi,95,460,15,,,,,,,,,,
Amarena,74,450,16,,,,,,,,,,
Jenni Airlines ,79,450,16,,,,,,,,,,
Lauracardinale,84,450,16,,,,,,,,,,
Chicco,74,450,16,,,,,,,,,,
Bibax,78,450,16,,,,,,,,,,
Alala,86,450,16,,,,,,,,,,
Bresciani Marco,93,450,16,,,,,,,,,,
I Fantapapi,87,450,16,,,,,,,,,,
Lully,97,450,16,,,,,,,,,,
Zuppichan,96,450,16,,,,,,,,,,
simone.aprea,88,445,17,,,,,,,,,,
Santa Marta ,95,445,17,,,,,,,,,,
fettabiscottata_6,87,445,17,,,,,,,,,,
papamobile,84,445,17,,,,,,,,,,
103esimopapa,76,440,18,,,,,,,,,,
sottobosco,96,440,18,,,,,,,,,,
Magalli ,90,440,18,,,,,,,,,,
giuli,87,440,18,,,,,,,,,,
Sara,89,440,18,,,,,,,,,,
FrancyMancy ,96,440,18,,,,,,,,,,
alicecice,97,440,18,,,,,,,,,,
akaJuls,99,440,18,,,,,,,,,,
thebestpope,96,440,18,,,,,,,,,,
Mortompapa,98,440,18,,,,,,,,,,
Papa2.0,96,440,18,,,,,,,,,,
gggg,127,435,,,,,,,,,,,
Pao,97,435,19,,,,,,,,,,
chiara,95,435,19,,,,,,,,,,
Mononoke,85,435,19,,,,,,,,,,
adrcen,96,435,19,,,,,,,,,,
Luana,89,430,20,,,,,,,,,,
Nika_17,95,430,20,,,,,,,,,,
Quelladelmeme,93,430,20,,,,,,,,,,
Zia marion,86,430,20,,,,,,,,,,
emyeme,93,430,20,,,,,,,,,,
Poli95,86,430,20,,,,,,,,,,
Chiars,75,430,20,,,,,,,,,,
Betty,92,430,20,,,,,,,,,,
papacarn√®,87,430,20,,,,,,,,,,
MakeVaticanGayAgain,84,430,20,,,,,,,,,,
ely_motta,75,430,20,,,,,,,,,,
Marcoz96,94,430,20,,,,,,,,,,
Sonoquiperilplot,72,430,20,,,,,,,,,,
sonoquiperilplot,74,430,20,,,,,,,,,,
Alex,80,430,20,,,,,,,,,,
Vvv888,68,430,20,,,,,,,,,,
Papa-ratzi,94,425,21,,,,,,,,,,
Debbyh,76,425,21,,,,,,,,,,
etterina444,78,425,21,,,,,,,,,,
ManuPapa,85,425,21,,,,,,,,,,
Fedefica,92,425,21,,,,,,,,,,
Ginny,92,425,21,,,,,,,,,,
Innocenzius ,96,425,21,,,,,,,,,,
Alei,98,425,21,,,,,,,,,,
Gottysquad ,75,420,22,,,,,,,,,,
Phi,91,415,23,,,,,,,,,,
Papasia,84,415,23,,,,,,,,,,
Osanna,86,415,23,,,,,,,,,,
lagangdelpapa,87,415,23,,,,,,,,,,
Kawa,89,415,23,,,,,,,,,,
Alis,89,415,23,,,,,,,,,,
Too Pope To Handle,74,410,24,,,,,,,,,,
Santa Marta,77,410,24,,,,,,,,,,
Anastasia,85,410,24,,,,,,,,,,
Ognimortedipapa,84,410,24,,,,,,,,,,
giuliaafurlan,77,410,24,,,,,,,,,,
Virgii,89,410,24,,,,,,,,,,
Giadina,88,410,24,,,,,,,,,,
chia,85,410,24,,,,,,,,,,
Mati,77,410,24,,,,,,,,,,
brunicss,84,410,24,,,,,,,,,,
gajaa,86,410,24,,,,,,,,,,
MEDDYYYYYYY,74,410,24,,,,,,,,,,
benitez,89,410,24,,,,,,,,,,
Paparazzi,77,405,25,,,,,,,,,,
PapAle25,97,405,25,,,,,,,,,,
40denari,97,405,25,,,,,,,,,,
Anna,84,400,26,,,,,,,,,,
Crown00,84,400,26,,,,,,,,,,
Paperica,84,400,26,,,,,,,,,,
Pimpi,73,400,26,,,,,,,,,,
Not ordinary Papessa,88,400,26,,,,,,,,,,
Habemus papam,78,400,26,,,,,,,,,,
NewPapa2k25,91,400,26,,,,,,,,,,
TuSapessi,75,400,26,,,,,,,,,,
KateWazz,75,400,26,,,,,,,,,,
JamesMorgan,95,400,26,,,,,,,,,,
liuzpope,79,400,26,,,,,,,,,,
Rocco PAPAleo,96,395,27,,,,,,,,,,
Papa Niciolo III,88,395,27,,,,,,,,,,
Verit√†Emanuelaorlandi,79,395,27,,,,,,,,,,
clafitzy,82,395,27,,,,,,,,,,
clafitzy,82,395,27,,,,,,,,,,
paparino07,74,395,27,,,,,,,,,,
neripapa,82,395,27,,,,,,,,,,
Mara_thor,82,395,27,,,,,,,,,,
Ziadeda79,80,395,27,,,,,,,,,,
matteo sei tutti noi ,77,395,27,,,,,,,,,,
Lucia,65,395,27,,,,,,,,,,
Elicimm,73,395,27,,,,,,,,,,
SanBon,77,390,28,,,,,,,,,,
SIR LEONIDAS,65,390,28,,,,,,,,,,
SanMargheII,75,390,28,,,,,,,,,,
fantagaietta,77,385,29,,,,,,,,,,
Lau.rac,69,385,29,,,,,,,,,,
LauraElda,89,385,29,,,,,,,,,,
Papichulo,75,385,29,,,,,,,,,,
Loladeborbonis,72,380,30,,,,,,,,,,
MatildePapessa,91,380,30,,,,,,,,,,
Minions,84,375,31,,,,,,,,,,
Cleeliiia,78,375,31,,,,,,,,,,
Papanicolaou ,79,375,31,,,,,,,,,,
Elyy997,71,370,32,,,,,,,,,,
BimbiDiZuppi,65,370,32,,,,,,,,,,
Gata,81,370,32,,,,,,,,,,
MoniRoma04,97,370,32,,,,,,,,,,
Geo00,81,370,32,,,,,,,,,,
Conclavina,80,370,32,,,,,,,,,,
Ape con il Papa,84,365,33,,,,,,,,,,
Andromeca,85,365,33,,,,,,,,,,
Giorgia,81,365,33,,,,,,,,,,
Giulia,82,365,33,,,,,,,,,,
PapaAVVIII,88,365,33,,,,,,,,,,
il grande francy ,71,365,33,,,,,,,,,,
Fra,89,360,34,,,,,,,,,,
Lookatlully,79,360,34,,,,,,,,,,
Violliee,86,360,34,,,,,,,,,,
Se ne rif√† un altro,84,360,34,,,,,,,,,,
Simopennylane,87,360,34,,,,,,,,,,
Neil Perry,89,360,34,,,,,,,,,,
Nuntio Vobis,86,360,34,,,,,,,,,,
FantaChiara,98,360,34,,,,,,,,,,
lalla,93,360,34,,,,,,,,,,
MIKELUM,95,360,34,,,,,,,,,,
Giada.Genchi,92,360,34,,,,,,,,,,
pvristoo,77,360,34,,,,,,,,,,
carlottarizzo ,77,360,34,,,,,,,,,,
PapaSistoVI,86,360,34,,,,,,,,,,
Jacopo,83,360,34,,,,,,,,,,
mirrrrriam_,93,360,34,,,,,,,,,,
Sconcy,92,360,34,,,,,,,,,,
alessya,73,360,34,,,,,,,,,,
Dilettapot,87,360,34,,,,,,,,,,
RIDOPOCO,79,360,34,,,,,,,,,,
domchaaa,94,360,34,,,,,,,,,,
bribri,88,360,34,,,,,,,,,,
bribri,80,360,34,,,,,,,,,,
Santarita,93,355,35,,,,,,,,,,
Visca,88,355,35,,,,,,,,,,
Victoriaestmea,79,355,35,,,,,,,,,,
Chipsotto,90,355,35,,,,,,,,,,
Marty,88,355,35,,,,,,,,,,
Titawad,74,355,35,,,,,,,,,,
HabemusLaura,97,350,36,,,,,,,,,,
lily va in chiesa ,88,350,36,,,,,,,,,,
Suor Passera,79,350,36,,,,,,,,,,
Vikimicapizzaefiki,79,350,36,,,,,,,,,,
breathesl,87,350,36,,,,,,,,,,
Conclys,89,350,36,,,,,,,,,,
Nuntio Vobis,90,350,36,,,,,,,,,,
Giuggi,67,345,37,,,,,,,,,,
St.Julius,77,345,37,,,,,,,,,,
Daddys ,76,345,37,,,,,,,,,,
Megabunda,71,345,37,,,,,,,,,,
Lauraaasunta,77,340,38,,,,,,,,,,
Maika ,85,340,38,,,,,,,,,,
Stella I,64,340,38,,,,,,,,,,
Papaggio,72,340,38,,,,,,,,,,
SaraCassio,82,340,38,,,,,,,,,,
Jacobs,76,335,39,,,,,,,,,,
morsinhell ,79,335,39,,,,,,,,,,
Moniedda,65,335,39,,,,,,,,,,
stocazzo ,68,335,39,,,,,,,,,,
irene9,83,330,40,,,,,,,,,,
GMKRUB,76,330,40,,,,,,,,,,
La papalina ,75,330,40,,,,,,,,,,
WinZipPope,77,330,40,,,,,,,,,,
PapessaElodea,82,330,40,,,,,,,,,,
matteozuppigate,78,330,40,,,,,,,,,,
VivaLuis,85,330,40,,,,,,,,,,
BimbadiZuppi,63,330,40,,,,,,,,,,
Daddys,78,330,40,,,,,,,,,,
lolaa,83,330,40,,,,,,,,,,
Yasmine,78,330,40,,,,,,,,,,
Alaisa,80,330,40,,,,,,,,,,
Susy ,66,330,40,,,,,,,,,,
porcopapa,83,330,40,,,,,,,,,,
abemuspapam,72,330,40,,,,,,,,,,
dali,78,330,40,,,,,,,,,,
papAlice,73,330,40,,,,,,,,,,
5x1000,78,330,40,,,,,,,,,,
FantaSya,78,330,40,,,,,,,,,,
RossPope,80,330,40,,,,,,,,,,
Simomangiapreti,68,330,40,,,,,,,,,,
Milusss,63,330,40,,,,,,,,,,
NAIL PERRY,75,330,40,,,,,,,,,,
Suora Elisabetta ,66,330,40,,,,,,,,,,
SilviaV,74,330,40,,,,,,,,,,
Sere,77,330,40,,,,,,,,,,
Viva_la_tigre,79,330,40,,,,,,,,,,
nostrablamus,72,330,40,,,,,,,,,,
labimbadizuppi‚ù§Ô∏è,67,330,40,,,,,,,,,,
lollapicolla,82,330,40,,,,,,,,,,
franczz,77,330,40,,,,,,,,,,
emmccricx ,76,330,40,,,,,,,,,,
menx ,67,330,40,,,,,,,,,,
Dominum Franciscus,72,330,40,,,,,,,,,,
habemussara,77,330,40,,,,,,,,,,
Britzz99,71,330,40,,,,,,,,,,
LAPAPESSA,77,325,41,,,,,,,,,,
Giuli17,83,320,42,,,,,,,,,,
Paparazzi,81,320,42,,,,,,,,,,
Sabry,82,320,42,,,,,,,,,,
Sabs,73,320,42,,,,,,,,,,
Another-one,82,320,42,,,,,,,,,,
Sofia,63,320,42,,,,,,,,,,
daje,77,320,42,,,,,,,,,,
carlottapapa,64,320,42,,,,,,,,,,
Manutelomettonelanu,81,320,42,,,,,,,,,,
Lapapessa,82,320,42,,,,,,,,,,
Claudix,69,320,42,,,,,,,,,,
Giulia ,81,320,42,,,,,,,,,,
Lore_25,73,320,42,,,,,,,,,,
Papini,75,320,42,,,,,,,,,,
Laurella,74,320,42,,,,,,,,,,
Berto94,89,320,42,,,,,,,,,,
Minions ii,78,315,43,,,,,,,,,,
Ziaiaia,83,315,43,,,,,,,,,,
fantapapa,106,315,,,,,,,,,,,
Arojan,65,310,44,,,,,,,,,,
vinsss,74,310,44,,,,,,,,,,
Santi pirulini,71,300,45,,,,,,,,,,
_Suri_91_,106,300,,,,,,,,,,,
anapapa,73,300,45,,,,,,,,,,
Turetts II,107,300,,,,,,,,,,,
Annanas,100,300,45,,,,,,,,,,
AvemusMaria,108,300,,,,,,,,,,,
AvemusMaria,106,300,,,,,,,,,,,
Nicepawer7 ,106,300,,,,,,,,,,,
Lyuon,107,300,,,,,,,,,,,
daiRaga190,95,300,45,,,,,,,,,,
papa ratzinger ,80,295,46,,,,,,,,,,
SponsiPrimissi,74,295,46,,,,,,,,,,
Cardibratm,84,295,46,,,,,,,,,,
Ilpolipo,65,295,46,,,,,,,,,,
Ric1501,63,295,46,,,,,,,,,,
Guesus guys,75,295,46,,,,,,,,,,
I papabili ,71,295,46,,,,,,,,,,
mimmy1313,64,290,47,,,,,,,,,,
PapAle,73,290,47,,,,,,,,,,
Karma,72,290,47,,,,,,,,,,
Il porcio,68,290,47,,,,,,,,,,
Lord,97,290,47,,,,,,,,,,
daniele0,97,290,47,,,,,,,,,,
Silver,108,285,,,,,,,,,,,
StephignoVIII,108,285,,,,,,,,,,,
Anna Patong,69,285,48,,,,,,,,,,
PapaFerruzzi,109,285,,,,,,,,,,,
Gege,107,285,,,,,,,,,,,
Raphael73 ,109,285,,,,,,,,,,,
PAPA PPERO ,81,285,48,,,,,,,,,,
Francobollo,101,285,,,,,,,,,,,
Santa Gregoria,97,285,48,,,,,,,,,,
Pietro Orlandi,107,285,,,,,,,,,,,
ooh.laviniaa,108,285,,,,,,,,,,,
erri,107,285,,,,,,,,,,,
Suor Ciufola,109,285,,,,,,,,,,,
Sarabess,107,285,,,,,,,,,,,
Leta,109,285,,,,,,,,,,,
GiuliaVolt,100,285,48,,,,,,,,,,
Nick,93,280,49,,,,,,,,,,
Oirsmo_0,107,280,,,,,,,,,,,
Pirry3,105,275,,,,,,,,,,,
ROSSY,57,275,50,,,,,,,,,,
CardinaleTedescoEnjoyer,97,275,50,,,,,,,,,,
PAPA ALBERTO VII,109,275,,,,,,,,,,,
giurss,108,275,,,,,,,,,,,
emanuela orlandi ,106,275,,,,,,,,,,,
papatolle ,107,275,,,,,,,,,,,
papessasofiasimonetta,107,275,,,,,,,,,,,
comi ,106,275,,,,,,,,,,,
Papa Cesare IC,100,275,50,,,,,,,,,,
lucy,71,275,50,,,,,,,,,,
PapalSniper,59,275,50,,,,,,,,,,
ele.deb,98,275,50,,,,,,,,,,
PapaMarco,108,275,,,,,,,,,,,
Ceci2324,107,270,,,,,,,,,,,
Halo I,108,270,,,,,,,,,,,
Batuffolina90,55,270,51,,,,,,,,,,
"Cece, la Papessa",56,270,51,,,,,,,,,,
Nello - Pizzabballa,109,270,,,,,,,,,,,
Stefy,53,270,51,,,,,,,,,,
pingiada,54,270,51,,,,,,,,,,
maaisec,97,270,51,,,,,,,,,,
GR,54,270,51,,,,,,,,,,
papacinese,63,270,51,,,,,,,,,,
Francescomarrone,98,270,51,,,,,,,,,,
Miky,68,270,51,,,,,,,,,,
Papappone,100,270,51,,,,,,,,,,
MartyKito,100,265,52,,,,,,,,,,
Fratech,100,265,52,,,,,,,,,,
MadreSuperiora95,98,265,52,,,,,,,,,,
Ivy,66,265,52,,,,,,,,,,
conclanix,102,265,,,,,,,,,,,
Sancta Elena Maxima ,101,265,,,,,,,,,,,
Mirko,106,265,,,,,,,,,,,
Sorella Rachele,95,265,52,,,,,,,,,,
PapaPerol ,92,265,52,,,,,,,,,,
Gio07M,97,265,52,,,,,,,,,,
Albertino_567,97,265,52,,,,,,,,,,
fabiooo,70,265,52,,,,,,,,,,
Dopomissitaliaavremoilpapanero,98,265,52,,,,,,,,,,
AlessioSarasino,72,265,52,,,,,,,,,,
alessia,105,265,,,,,,,,,,,
sandro,109,260,,,,,,,,,,,
beamere03,109,260,,,,,,,,,,,
Ghiro03,108,260,,,,,,,,,,,
@mari,108,260,,,,,,,,,,,
Mario,109,260,,,,,,,,,,,
DanyMarty,109,260,,,,,,,,,,,
Tozzifan,107,260,,,,,,,,,,,
benitezzz,108,260,,,,,,,,,,,
francesco ii ,108,260,,,,,,,,,,,
Grazia dei miracoli ,54,260,53,,,,,,,,,,
Papaoutai,95,260,53,,,,,,,,,,
Dobro,97,260,53,,,,,,,,,,
Lorispe,98,260,53,,,,,,,,,,
Mikbif12 ,99,260,53,,,,,,,,,,
Celestino V,99,260,53,,,,,,,,,,
Vale10adp,102,260,,,,,,,,,,,
Paparissima,100,260,53,,,,,,,,,,
Fabryfaso22,99,260,53,,,,,,,,,,
meg_megles,105,260,,,,,,,,,,,
Edo,98,260,53,,,,,,,,,,
Gabry,94,260,53,,,,,,,,,,
Giddi,99,260,53,,,,,,,,,,
vavleris,85,260,53,,,,,,,,,,
Don77,96,260,53,,,,,,,,,,
papafrancicimancherai,102,255,,,,,,,,,,,
sasi,97,255,54,,,,,,,,,,
Valery,98,255,54,,,,,,,,,,
Lelouch,96,255,54,,,,,,,,,,
PapaRazzi,105,255,,,,,,,,,,,
LollyPOPE,98,255,54,,,,,,,,,,
Memole_83,83,255,54,,,,,,,,,,
Chicca,96,255,54,,,,,,,,,,
666,97,255,54,,,,,,,,,,
Ludoo,100,255,54,,,,,,,,,,
Michele ,91,255,54,,,,,,,,,,
Supersonic,92,255,54,,,,,,,,,,
Profetessa Vaticana,97,255,54,,,,,,,,,,
SuorGertrude,70,255,54,,,,,,,,,,
BonifacioVIII,103,255,,,,,,,,,,,
Alerto,101,255,,,,,,,,,,,
Regina,86,255,54,,,,,,,,,,
Papa kuma I,94,255,54,,,,,,,,,,
Ale,94,255,54,,,,,,,,,,
giadus,97,255,54,,,,,,,,,,
papafrancicimancherai,102,255,,,,,,,,,,,
habemus chiara,98,255,54,,,,,,,,,,
Varda,96,255,54,,,,,,,,,,
giulia l'immensa,71,255,54,,,,,,,,,,
Frax77,97,255,54,,,,,,,,,,
pasquale.vacca_010,97,255,54,,,,,,,,,,
Manuel,98,255,54,,,,,,,,,,
Papa Catani I,88,255,54,,,,,,,,,,
Popenator,86,255,54,,,,,,,,,,
Papessa,93,255,54,,,,,,,,,,
adri_02,104,255,,,,,,,,,,,
Nickungn,107,255,,,,,,,,,,,
Borgo38,103,255,,,,,,,,,,,
Wcard.zuppi,97,250,55,,,,,,,,,,
Onnipotente ,104,250,,,,,,,,,,,
Chiaris04,99,250,55,,,,,,,,,,
Aliceü¶≠‚ú®,98,250,55,,,,,,,,,,
Conclaculi,100,250,55,,,,,,,,,,
fro90fro,108,250,,,,,,,,,,,
zuppadicardinali,96,250,55,,,,,,,,,,
sil_laba,98,250,55,,,,,,,,,,
desidegiaaa,108,250,,,,,,,,,,,
Sua santit√† ,106,250,,,,,,,,,,,
Pescara_manzia,89,250,55,,,,,,,,,,
PapaSistoSesto,97,250,55,,,,,,,,,,
Pizzaballa,99,250,55,,,,,,,,,,
Penguins1,98,250,55,,,,,,,,,,
Anto86_,86,250,55,,,,,,,,,,
Golle,95,250,55,,,,,,,,,,
zuppifanpage ,85,250,55,,,,,,,,,,
PapaRisu,95,250,55,,,,,,,,,,
Papinisss,98,250,55,,,,,,,,,,
EsterDett,87,250,55,,,,,,,,,,
_Chiara_235,104,250,,,,,,,,,,,
Vps240167,95,250,55,,,,,,,,,,
Sono papabile,100,250,55,,,,,,,,,,
Cardinal Ernesto,96,250,55,,,,,,,,,,
habemustonno ,98,250,55,,,,,,,,,,
Andrew,86,250,55,,,,,,,,,,
Santissima_trinit√†,98,250,55,,,,,,,,,,
ani,98,250,55,,,,,,,,,,
Mastro Yoda,106,250,,,,,,,,,,,
CelticShanti,104,250,,,,,,,,,,,
Bene03,97,250,55,,,,,,,,,,
Ade,96,250,55,,,,,,,,,,
Aloisius,99,250,55,,,,,,,,,,
Zuppin‚Äôs ,95,250,55,,,,,,,,,,
Lucius,96,250,55,,,,,,,,,,
Paolo,88,250,55,,,,,,,,,,
Lizz,92,250,55,,,,,,,,,,
Xena,102,250,,,,,,,,,,,
Merlo,97,250,55,,,,,,,,,,
Biohack,89,250,55,,,,,,,,,,
gioakastella ,96,250,55,,,,,,,,,,
Rocco2025,105,250,,,,,,,,,,,
Formoso1,97,250,55,,,,,,,,,,
Papaboys,85,250,55,,,,,,,,,,
Milena,97,250,55,,,,,,,,,,
Chiara,104,250,,,,,,,,,,,
Mile,96,250,55,,,,,,,,,,
michele.tuc,99,250,55,,,,,,,,,,
La papessa,103,250,,,,,,,,,,,
I broski del Vaticano,91,250,55,,,,,,,,,,
Mikeligna90,106,250,,,,,,,,,,,
Camelia,86,250,55,,,,,,,,,,
Morto un Papa..,101,250,,,,,,,,,,,
Josh,100,250,55,,,,,,,,,,
Zuppina,96,250,55,,,,,,,,,,
Vaticonclave,99,250,55,,,,,,,,,,
Gen95,105,250,,,,,,,,,,,
kinder conclave ,92,250,55,,,,,,,,,,
Rosanna07,85,250,55,,,,,,,,,,
Frafra,99,250,55,,,,,,,,,,
Chiara,88,250,55,,,,,,,,,,
Antony,97,250,55,,,,,,,,,,
Lautaro85,97,250,55,,,,,,,,,,
Mar7tina,105,250,,,,,,,,,,,
Outsider ,106,250,,,,,,,,,,,
Violinistanonro»ôa,90,245,56,,,,,,,,,,
Aronoele,98,245,56,,,,,,,,,,
macheneso,100,245,56,,,,,,,,,,
Ladyred23 ,89,245,56,,,,,,,,,,
Piri,97,245,56,,,,,,,,,,
Paparazza,87,245,56,,,,,,,,,,
Papa Paolo VII,89,245,56,,,,,,,,,,
LulyR06,97,245,56,,,,,,,,,,
noemim,94,245,56,,,,,,,,,,
Ric,77,245,56,,,,,,,,,,
Lilo,86,245,56,,,,,,,,,,
Falso,98,245,56,,,,,,,,,,
Giuks23,97,245,56,,,,,,,,,,
Papanosens,93,245,56,,,,,,,,,,
SERENA,94,245,56,,,,,,,,,,
Luvumbo,86,245,56,,,,,,,,,,
the paladin,106,245,,,,,,,,,,,
Dege02,96,240,57,,,,,,,,,,
Conclaross,99,240,57,,,,,,,,,,
Papessa Valentina Del Mainagioia,98,240,57,,,,,,,,,,
Koke,104,240,,,,,,,,,,,
marcy,96,240,57,,,,,,,,,,
Lapapessa2,108,240,,,,,,,,,,,
ariannina,94,240,57,,,,,,,,,,
1voltaognimortedipapa,86,240,57,,,,,,,,,,
Otter,97,240,57,,,,,,,,,,
scianny,98,240,57,,,,,,,,,,
Kiara,95,240,57,,,,,,,,,,
heytherejuliette,92,240,57,,,,,,,,,,
Pericolo anarchico ,108,240,,,,,,,,,,,
Salvi,99,240,57,,,,,,,,,,
Tulkas,95,240,57,,,,,,,,,,
Erchomai,108,240,,,,,,,,,,,
Elfino,100,240,57,,,,,,,,,,
Santa Laura da Brescia ,98,240,57,,,,,,,,,,
Xena13,85,240,57,,,,,,,,,,
Mariasol,96,240,57,,,,,,,,,,
Lady Fish,109,240,,,,,,,,,,,
ClaudiaTaddea,101,240,,,,,,,,,,,
IlConclavis,108,240,,,,,,,,,,,
ConclAgne,98,235,58,,,,,,,,,,
Beaaaa333,98,235,58,,,,,,,,,,
Eleonora,99,235,58,,,,,,,,,,
Ross ,97,235,58,,,,,,,,,,
Skywalker ,101,235,,,,,,,,,,,
Botti_05,97,235,58,,,,,,,,,,
focafofia ,96,235,58,,,,,,,,,,
Crudelio DeMon,98,235,58,,,,,,,,,,
asiaa8,99,235,58,,,,,,,,,,
GiorgioM,89,235,58,,,,,,,,,,
giorgioms,90,235,58,,,,,,,,,,
Papiamoci,96,235,58,,,,,,,,,,
Giusyna,77,235,58,,,,,,,,,,
Ale,92,235,58,,,,,,,,,,
aleferla99,99,235,58,,,,,,,,,,
nigga1234,75,235,58,,,,,,,,,,
Alice,82,235,58,,,,,,,,,,
alek_402,81,235,58,,,,,,,,,,
Paperfedem,90,235,58,,,,,,,,,,
Silviamin96,90,235,58,,,,,,,,,,
Sofia99,103,230,,,,,,,,,,,
La Fumata Bianca ,106,230,,,,,,,,,,,
The Popagnez,94,230,59,,,,,,,,,,
PapaWaigo,104,230,,,,,,,,,,,
matteo,107,230,,,,,,,,,,,
Thomasse,97,230,59,,,,,,,,,,
G,102,230,,,,,,,,,,,
Fedee05,96,230,59,,,,,,,,,,
Mirkob1991,108,230,,,,,,,,,,,
Any,102,230,,,,,,,,,,,
ruben ,97,230,59,,,,,,,,,,
Innocesso69,99,230,59,,,,,,,,,,
Seconda lettera ai corinzi ,107,230,,,,,,,,,,,
Suor Concetta,107,230,,,,,,,,,,,
Zupper,106,230,,,,,,,,,,,
Mba_tony11,108,230,,,,,,,,,,,
Moony,106,230,,,,,,,,,,,
Fantapapalina ,91,230,59,,,,,,,,,,
forsehabemuspapam,90,230,59,,,,,,,,,,
sim.one,90,230,59,,,,,,,,,,
Fil,85,230,59,,,,,,,,,,
Celestino V,107,230,,,,,,,,,,,
pietro_dez,104,225,,,,,,,,,,,
Bimba del papa 92,100,225,60,,,,,,,,,,
VanessAxl,97,225,60,,,,,,,,,,
Fagott√¨,105,225,,,,,,,,,,,
JireneAx,97,225,60,,,,,,,,,,
emanuele01,100,225,60,,,,,,,,,,
Sa.vassallo,97,225,60,,,,,,,,,,
Papamobile ,96,225,60,,,,,,,,,,
BabaVanga,86,225,60,,,,,,,,,,
SandrinaPapalina,98,225,60,,,,,,,,,,
martaa,105,225,,,,,,,,,,,
Riccardinal ,98,225,60,,,,,,,,,,
SS.Giubilea,98,225,60,,,,,,,,,,
SS.Giubilea,98,225,60,,,,,,,,,,
SS.Giubilea,98,225,60,,,,,,,,,,
Fil11,98,225,60,,,,,,,,,,
Ut Theca,104,225,,,,,,,,,,,
papa boys,98,225,60,,,,,,,,,,
Leo,104,225,,,,,,,,,,,
Gloria a Dio,98,225,60,,,,,,,,,,
PIO XXIII,90,225,60,,,,,,,,,,
Mara ,103,225,,,,,,,,,,,
Dominus Fanta,98,225,60,,,,,,,,,,
dan,103,225,,,,,,,,,,,
Ciu,90,225,60,,,,,,,,,,
Papa2025,97,225,60,,,,,,,,,,
Valeghi,107,225,,,,,,,,,,,
trallallero trallalla,98,225,60,,,,,,,,,,
lindazan,104,225,,,,,,,,,,,
Mari_21,90,225,60,,,,,,,,,,
fabri ,94,225,60,,,,,,,,,,
PapessaVale,104,225,,,,,,,,,,,
annalinda,104,225,,,,,,,,,,,
Becca G.,88,225,60,,,,,,,,,,
Claudia,86,225,60,,,,,,,,,,
Il Camerlengo ,96,225,60,,,,,,,,,,
cicemastro,105,225,,,,,,,,,,,
Esterz93,92,225,60,,,,,,,,,,
Mtags,98,225,60,,,,,,,,,,
Piopio,96,225,60,,,,,,,,,,
Lele,94,225,60,,,,,,,,,,
FantaPope,107,225,,,,,,,,,,,
Papa Lorenzo Primo ,98,225,60,,,,,,,,,,
Papa Lorenzo Primo,98,225,60,,,,,,,,,,
Owen,93,225,60,,,,,,,,,,
robss,85,225,60,,,,,,,,,,
kekkazz,96,225,60,,,,,,,,,,
Mapessa,94,225,60,,,,,,,,,,
martina,100,225,60,,,,,,,,,,
BergoglioII,100,225,60,,,,,,,,,,
Frank,97,225,60,,,,,,,,,,
GeneLee_25,99,225,60,,,,,,,,,,
John24,105,225,,,,,,,,,,,
Dami_cav,86,225,60,,,,,,,,,,
Pilipini ,97,225,60,,,,,,,,,,
HabemusBoss,100,225,60,,,,,,,,,,
AVEmofame,85,225,60,,,,,,,,,,
Greenpine Velasio,94,225,60,,,,,,,,,,
Conclavengers,99,225,60,,,,,,,,,,
auruscusc,89,225,60,,,,,,,,,,
isaaa,98,225,60,,,,,,,,,,
Silly,107,220,,,,,,,,,,,
alessandra,79,220,61,,,,,,,,,,
Fraa,107,220,,,,,,,,,,,
TrallaleroPapa,106,220,,,,,,,,,,,
Miccina01,103,220,,,,,,,,,,,
QueenMary94 ,107,220,,,,,,,,,,,
Papagirl,96,220,61,,,,,,,,,,
Mich,104,220,,,,,,,,,,,
chiaconclave25_,89,220,61,,,,,,,,,,
Giuks23,103,220,,,,,,,,,,,
Bimba di Franci,108,220,,,,,,,,,,,
ConclAvengers,108,220,,,,,,,,,,,
Saraserr,106,220,,,,,,,,,,,
OracoloDiDelfi,103,220,,,,,,,,,,,
ila,108,220,,,,,,,,,,,
gregre,94,220,61,,,,,,,,,,
giuuuuu,106,220,,,,,,,,,,,
Sorella Nina,73,220,61,,,,,,,,,,
LaudatoSii12,106,220,,,,,,,,,,,
Annapapaconclave,107,220,,,,,,,,,,,
occhiuto_96,103,220,,,,,,,,,,,
iooovagabondochesonio,107,220,,,,,,,,,,,
AlessiaPapessa,96,220,61,,,,,,,,,,
AstroBrando,100,220,61,,,,,,,,,,
Fedez,106,220,,,,,,,,,,,
Habemuspapa,106,220,,,,,,,,,,,
flexinconclave,100,220,61,,,,,,,,,,
AntiBallacchino,98,220,61,,,,,,,,,,
Meoow,109,220,,,,,,,,,,,
The future Pope Francesco,108,220,,,,,,,,,,,
Papa Giovanni Paolo III,107,220,,,,,,,,,,,
Taglerino ,106,220,,,,,,,,,,,
JessiGeno,101,220,,,,,,,,,,,
Alice,107,220,,,,,,,,,,,
Pope87,107,220,,,,,,,,,,,
Rione Sanit√†,107,220,,,,,,,,,,,
Cillavat,98,220,61,,,,,,,,,,
lamarto,108,220,,,,,,,,,,,
Pater Coctum Ovum ,107,220,,,,,,,,,,,
i papabili,103,220,,,,,,,,,,,
eliforclose,95,220,61,,,,,,,,,,
Zito lovumbo,108,220,,,,,,,,,,,
Luci,108,220,,,,,,,,,,,
Pec,97,220,61,,,,,,,,,,
righezz,94,220,61,,,,,,,,,,
Pizzibarbaro della Maremma,97,220,61,,,,,,,,,,
Habemus Enricus,105,220,,,,,,,,,,,
Nino65,97,220,61,,,,,,,,,,
Papipapabili,108,220,,,,,,,,,,,
Procion,109,220,,,,,,,,,,,
VaticaAri,97,220,61,,,,,,,,,,
Rachelemattiuzzoo,96,220,61,,,,,,,,,,
Rachelemattiuzzoo,96,220,61,,,,,,,,,,
Don Domenico ,106,220,,,,,,,,,,,
Cardinalchic,108,220,,,,,,,,,,,
melamelinda,108,220,,,,,,,,,,,
Zuppi4pope,108,220,,,,,,,,,,,
Crispapi ,102,220,,,,,,,,,,,
Sebas81,108,220,,,,,,,,,,,
AleDestinyX,108,220,,,,,,,,,,,
PapaNero,108,220,,,,,,,,,,,
annaaaa,92,220,61,,,,,,,,,,
ilaria! ,86,220,61,,,,,,,,,,
granrico,107,220,,,,,,,,,,,
ZuppiHaiIlmio‚ù§Ô∏è,87,220,61,,,,,,,,,,
PapaJean I,94,220,61,,,,,,,,,,
Suor Veronica ,92,220,61,,,,,,,,,,
L'iradivina,91,220,61,,,,,,,,,,
Fabybho,95,220,61,,,,,,,,,,
Lele,93,220,61,,,,,,,,,,
Zuppinelcuore ,95,220,61,,,,,,,,,,
Madre sospetta,85,220,61,,,,,,,,,,
Buttercip,93,220,61,,,,,,,,,,
Pazzi per Ges√π,95,220,61,,,,,,,,,,
scorreggina cappuccina thum thum saur,85,220,61,,,,,,,,,,
viking.taglia@gmail.com ,79,220,61,,,,,,,,,,
Papa_razzi,76,220,61,,,,,,,,,,
Stok,85,220,61,,,,,,,,,,
marta,100,220,61,,,,,,,,,,
Bustio,84,220,61,,,,,,,,,,
GuendalinaBlabla,85,220,61,,,,,,,,,,
Shopi,81,220,61,,,,,,,,,,
Sage01,98,220,61,,,,,,,,,,
DonMatteo,102,220,,,,,,,,,,,
Lory,86,220,61,,,,,,,,,,
Fede2010,86,220,61,,,,,,,,,,
PigiamaMarco,87,220,61,,,,,,,,,,
papa-ratzy,86,220,61,,,,,,,,,,
Gaia Divina ,95,220,61,,,,,,,,,,
ziopera,89,220,61,,,,,,,,,,
Gioggiii01,95,220,61,,,,,,,,,,
Papa Rifki XXK,89,220,61,,,,,,,,,,
LaVale,87,220,61,,,,,,,,,,
Cilla1288,108,220,,,,,,,,,,,
Lisa_Larissa,85,220,61,,,,,,,,,,
chia,100,220,61,,,,,,,,,,
Papessa23,83,220,61,,,,,,,,,,
Chiarina,83,220,61,,,,,,,,,,
Svevaz,100,220,61,,,,,,,,,,
juga,95,220,61,,,,,,,,,,
Isa.Svapna,87,220,61,,,,,,,,,,
popefrancis,85,220,61,,,,,,,,,,
EleMadonnneCiProteggono,92,220,61,,,,,,,,,,
Rip papa,97,215,62,,,,,,,,,,
Queen Ale‚ú®,98,215,62,,,,,,,,,,
vi,91,215,62,,,,,,,,,,
G74,98,215,62,,,,,,,,,,
Sakura1024,97,215,62,,,,,,,,,,
Papalina82,104,215,,,,,,,,,,,
MimiintheVatican_,104,215,,,,,,,,,,,
Tir,105,215,,,,,,,,,,,
Valepopididi1925,105,215,,,,,,,,,,,
Habemus Papam Pio XVl,105,215,,,,,,,,,,,
merrygrace,97,215,62,,,,,,,,,,
gnan_davide,91,215,62,,,,,,,,,,
Che ve lo dico a fa,96,215,62,,,,,,,,,,
La papessa,97,215,62,,,,,,,,,,
Tonymor90,104,215,,,,,,,,,,,
"Zuppi, scelgo te!",98,215,62,,,,,,,,,,
Jack_,105,215,,,,,,,,,,,
Glo,98,215,62,,,,,,,,,,
Moniamour,97,215,62,,,,,,,,,,
Cami16,98,215,62,,,,,,,,,,
gugols,98,215,62,,,,,,,,,,
HABEMUSMAGNO97,102,215,,,,,,,,,,,
muccavolante12,98,215,62,,,,,,,,,,
Simba77m,104,215,,,,,,,,,,,
iosonoio011,96,215,62,,,,,,,,,,
Wa,103,215,,,,,,,,,,,
Suor camilla tutti la vogliono nessuno la piglia,103,215,,,,,,,,,,,
simo.netta,98,215,62,,,,,,,,,,
Papa Alice,99,210,63,,,,,,,,,,
APERICONCLAVE,106,210,,,,,,,,,,,
Eli,106,210,,,,,,,,,,,
LenaPalma89,94,210,63,,,,,,,,,,
Franci ,73,210,63,,,,,,,,,,
Leone I Magno,95,210,63,,,,,,,,,,
aurora,103,210,,,,,,,,,,,
Neayss,108,210,,,,,,,,,,,
asiamrz,108,210,,,,,,,,,,,
Fantamarti,98,210,63,,,,,,,,,,
Sam271193,93,210,63,,,,,,,,,,
Carly,91,210,63,,,,,,,,,,
Il Camerlengo,107,210,,,,,,,,,,,
GGAB99,97,210,63,,,,,,,,,,
papaBesugo,88,210,63,,,,,,,,,,
Tommyy,107,210,,,,,,,,,,,
sgnapuz,89,210,63,,,,,,,,,,
precious üí§,106,210,,,,,,,,,,,
mati,97,210,63,,,,,,,,,,
valeriaVII,109,210,,,,,,,,,,,
Southern Pope,108,210,,,,,,,,,,,
Biziaclave,108,210,,,,,,,,,,,
W Ges√π,107,210,,,,,,,,,,,
Benny,108,210,,,,,,,,,,,
Papa Vito I,107,210,,,,,,,,,,,
Mattia1234,109,210,,,,,,,,,,,
EileenFanny26,85,210,63,,,,,,,,,,
martuzpapessa,85,210,63,,,,,,,,,,
Domina Conclavis,93,210,63,,,,,,,,,,
Maria88,90,210,63,,,,,,,,,,
Giovanni XXIV,92,210,63,,,,,,,,,,
Tavei,92,210,63,,,,,,,,,,
SorellonaVale,90,210,63,,,,,,,,,,
Terrius ,91,210,63,,,,,,,,,,
giovanni paolo I,86,210,63,,,,,,,,,,
Sara2000,86,210,63,,,,,,,,,,
vatican team,89,210,63,,,,,,,,,,
Papaboys,93,210,63,,,,,,,,,,
biionda,86,210,63,,,,,,,,,,
Arianna&Federico,90,210,63,,,,,,,,,,
Mima,80,210,63,,,,,,,,,,
Ketoprofene,81,210,63,,,,,,,,,,
ClaptonIsGod,83,210,63,,,,,,,,,,
Che Dio ci assista,89,210,63,,,,,,,,,,
Flavius I,80,210,63,,,,,,,,,,
nicolevarini ,89,205,64,,,,,,,,,,
cice222,101,205,,,,,,,,,,,
Papali93,84,205,64,,,,,,,,,,
kingdelle,95,205,64,,,,,,,,,,
Francy la Santa ,95,205,64,,,,,,,,,,
Sara0501,97,205,64,,,,,,,,,,
Roxy,93,205,64,,,,,,,,,,
DiveDiDio‚ú®ü™Ω,100,205,64,,,,,,,,,,
Ungobesungo,79,205,64,,,,,,,,,,
Angila,98,205,64,,,,,,,,,,
marti,101,205,,,,,,,,,,,
Gi√≤Leo ,89,205,64,,,,,,,,,,
Carolagc95,97,205,64,,,,,,,,,,
Gretaperzuppi,98,205,64,,,,,,,,,,
Jele,102,205,,,,,,,,,,,
BALUBA FC,95,205,64,,,,,,,,,,
la vale,101,205,,,,,,,,,,,
valedamo ,100,205,64,,,,,,,,,,
AntoPio,96,205,64,,,,,,,,,,
francyfrancy ,99,205,64,,,,,,,,,,
Chritirres0Tinali8,92,205,64,,,,,,,,,,
In God we trust,81,205,64,,,,,,,,,,
Elisapagliarii,98,205,64,,,,,,,,,,
auroradicocco ,98,205,64,,,,,,,,,,
dea1913,104,205,,,,,,,,,,,
Piccolaelo,103,205,,,,,,,,,,,
Maedelconclave,97,205,64,,,,,,,,,,
Ave Marjia,91,205,64,,,,,,,,,,
La sarda,98,200,65,,,,,,,,,,
Go-jo,98,200,65,,,,,,,,,,
M√ºntzer,95,200,65,,,,,,,,,,
donmatteoviveabolo,99,200,65,,,,,,,,,,
Alissxfantaconclave,96,200,65,,,,,,,,,,
ale.papa,79,200,65,,,,,,,,,,
Erciulazz,96,200,65,,,,,,,,,,
PapaRazzi,94,200,65,,,,,,,,,,
Le Petronelle,95,200,65,,,,,,,,,,
Mariii ,98,200,65,,,,,,,,,,
Halo I ,104,200,,,,,,,,,,,
Beba,80,200,65,,,,,,,,,,
Tommy08,89,200,65,,,,,,,,,,
Giul,95,200,65,,,,,,,,,,
Papa Luca l,75,200,65,,,,,,,,,,
Flavius I,82,200,65,,,,,,,,,,
giulss,88,195,66,,,,,,,,,,
Celestino Vüòé,97,195,66,,,,,,,,,,
Firelli,98,195,66,,,,,,,,,,
Papa Waigo,83,195,66,,,,,,,,,,
Simo81,92,195,66,,,,,,,,,,
Pepelka,97,195,66,,,,,,,,,,
Vinco io,94,195,66,,,,,,,,,,
Tuttipazzixmike ,86,195,66,,,,,,,,,,
Maryjoint ,86,195,66,,,,,,,,,,
Conclave97,81,195,66,,,,,,,,,,
zuppiforpresident,92,195,66,,,,,,,,,,
GioPi,93,195,66,,,,,,,,,,
Valeshiatsu,92,195,66,,,,,,,,,,
giuls,75,195,66,,,,,,,,,,
PapaPilipino,92,195,66,,,,,,,,,,
Herculesso ,100,195,66,,,,,,,,,,
Disagiada92,100,195,66,,,,,,,,,,
La Sen-Tenza,98,195,66,,,,,,,,,,
Ale,97,195,66,,,,,,,,,,
Francibob,95,195,66,,,,,,,,,,
VivaZuppi,105,195,,,,,,,,,,,
PapaHurryBro,94,195,66,,,,,,,,,,
Franceskino fc ,85,195,66,,,,,,,,,,
Antipapa Lorenzo II,90,195,66,,,,,,,,,,
Nat,96,195,66,,,,,,,,,,
marco_tiktok,95,195,66,,,,,,,,,,
Martyy,96,195,66,,,,,,,,,,
Suor Eva,98,195,66,,,,,,,,,,
Vibabu,96,195,66,,,,,,,,,,
Iron,96,195,66,,,,,,,,,,
Papessa Angelina,105,195,,,,,,,,,,,
Slurpacchiotto,97,195,66,,,,,,,,,,
matildeeali,97,195,66,,,,,,,,,,
Giada2410,99,195,66,,,,,,,,,,
Papamobile,99,195,66,,,,,,,,,,
Piece of Brad,96,195,66,,,,,,,,,,
FratElla,105,195,,,,,,,,,,,
TheGibbu89,98,195,66,,,,,,,,,,
Parapampampapa,96,195,66,,,,,,,,,,
Bisy,97,195,66,,,,,,,,,,
La_fede,96,195,66,,,,,,,,,,
Velya,99,195,66,,,,,,,,,,
Chiara,97,195,66,,,,,,,,,,
MakeItShine,97,195,66,,,,,,,,,,
Santa Rox,98,195,66,,,,,,,,,,
VivaZuppi,96,195,66,,,,,,,,,,
Arlem12,85,195,66,,,,,,,,,,
Irenspapas,97,195,66,,,,,,,,,,
Fantapapa,99,195,66,,,,,,,,,,
Beyonce is our Pope,104,195,,,,,,,,,,,
Lillilalla,95,195,66,,,,,,,,,,
Moony,98,195,66,,,,,,,,,,
Giulietta,99,195,66,,,,,,,,,,
PontesnonMuros,97,195,66,,,,,,,,,,
Gabriele XVI,75,195,66,,,,,,,,,,
ciccioromeopapa,95,195,66,,,,,,,,,,
melshere,104,195,,,,,,,,,,,
Rix71,98,195,66,,,,,,,,,,
gio_tst14,99,195,66,,,,,,,,,,
Nenala,74,195,66,,,,,,,,,,
Mel,97,195,66,,,,,,,,,,
Cripala,98,195,66,,,,,,,,,,
Cripala,100,195,66,,,,,,,,,,
Alemus papam,94,195,66,,,,,,,,,,
AMEN(OI),88,195,66,,,,,,,,,,
Flebus,86,195,66,,,,,,,,,,
Dominum ecclesiasticus,94,190,67,,,,,,,,,,
Sar√† lui sar√† lei,101,190,,,,,,,,,,,
Wiki.Miki,94,190,67,,,,,,,,,,
Papa Nuovo,99,190,67,,,,,,,,,,
Nomination,95,190,67,,,,,,,,,,
sarella,106,190,,,,,,,,,,,
SimoGui8,94,190,67,,,,,,,,,,
Rana28,97,190,67,,,,,,,,,,
memenie,97,190,67,,,,,,,,,,
Luca,93,190,67,,,,,,,,,,
Avemus_nothing,85,190,67,,,,,,,,,,
Suorchicca,87,190,67,,,,,,,,,,
pipi's dream,89,190,67,,,,,,,,,,
Auroraamarchesee ,97,190,67,,,,,,,,,,
TRICETRUCE,100,190,67,,,,,,,,,,
serena01,100,190,67,,,,,,,,,,
Giusammy,101,190,,,,,,,,,,,
Mile,94,190,67,,,,,,,,,,
Chiaaüåô,96,190,67,,,,,,,,,,
elisaaa_motta,94,190,67,,,,,,,,,,
valetruccolo91@,101,190,,,,,,,,,,,
cateforthepapa,96,190,67,,,,,,,,,,
Adriano.005,102,190,,,,,,,,,,,
Auroraviolaa,102,190,,,,,,,,,,,
Marticano,100,190,67,,,,,,,,,,
Pastapapariana,96,190,67,,,,,,,,,,
SantaAurora,103,190,,,,,,,,,,,
Elis,87,190,67,,,,,,,,,,
Chiaraerre,97,190,67,,,,,,,,,,
Angelica,94,190,67,,,,,,,,,,
Gigia05,103,190,,,,,,,,,,,
Fanta-stic-clave,98,190,67,,,,,,,,,,
Amoluisantoniotagleee,98,190,67,,,,,,,,,,
Marvi,91,190,67,,,,,,,,,,
Impero,96,190,67,,,,,,,,,,
SkinV,98,190,67,,,,,,,,,,
Papaya ,94,190,67,,,,,,,,,,
Papa Lanoso,87,190,67,,,,,,,,,,
Alessandro XX,105,190,,,,,,,,,,,
Anna,94,190,67,,,,,,,,,,
suor ilaria,92,190,67,,,,,,,,,,
Papa Pietro Paolo,97,190,67,,,,,,,,,,
Trallalero trallala I ,83,190,67,,,,,,,,,,
Boneface,95,190,67,,,,,,,,,,
KiryakoPAPAlosos,99,190,67,,,,,,,,,,
FanSistina,97,190,67,,,,,,,,,,
Lia,96,190,67,,,,,,,,,,
LesorelledelPapa,95,190,67,,,,,,,,,,
Elix,94,190,67,,,,,,,,,,
emmaclave,88,190,67,,,,,,,,,,
bimbadizuppi,102,190,,,,,,,,,,,
Nisei,98,190,67,,,,,,,,,,
rosadipietro,102,190,,,,,,,,,,,
Cardinale Supremo ,97,190,67,,,,,,,,,,
HABEMUS VICTORIAM,96,190,67,,,,,,,,,,
Holla,100,190,67,,,,,,,,,,
beatrice2001,94,190,67,,,,,,,,,,
gandiali,98,190,67,,,,,,,,,,
MARCUZZ,93,190,67,,,,,,,,,,
ali_alice_ali,97,190,67,,,,,,,,,,
marcopicc1,94,190,67,,,,,,,,,,
Tomma98,95,190,67,,,,,,,,,,
Martapizz,97,190,67,,,,,,,,,,
LaLocadiTorredeBusi,100,190,67,,,,,,,,,,
Jegghe,96,190,67,,,,,,,,,,
Papessaquinta,94,190,67,,,,,,,,,,
gabrielprossimopapa,95,190,67,,,,,,,,,,
Gaiez,96,190,67,,,,,,,,,,
Emanuela81 ,98,190,67,,,,,,,,,,
Le-viziatelle-di-zuppi,94,190,67,,,,,,,,,,
Dmax,103,190,,,,,,,,,,,
Il figlio di papa franci ,91,190,67,,,,,,,,,,
Dmax9,103,190,,,,,,,,,,,
G05,97,190,67,,,,,,,,,,
MariamPapessaNazionale04,95,190,67,,,,,,,,,,
rebecc.aa00,103,190,,,,,,,,,,,
Vicky,94,190,67,,,,,,,,,,
Riforma vincente,97,190,67,,,,,,,,,,
conClavicola,95,190,67,,,,,,,,,,
ettu,94,190,67,,,,,,,,,,
ludwigg.10,94,190,67,,,,,,,,,,
ClerClave,100,190,67,,,,,,,,,,
#ari,104,190,,,,,,,,,,,
FVLGOR,100,190,67,,,,,,,,,,
Caroletta la folletta,77,190,67,,,,,,,,,,
martina,100,190,67,,,,,,,,,,
Giorgina,97,190,67,,,,,,,,,,
Alessandra,101,190,,,,,,,,,,,
Neji,91,190,67,,,,,,,,,,
Vaticanum circus maximus,103,185,,,,,,,,,,,
Giaduz,97,185,68,,,,,,,,,,
GrilloParlante,96,185,68,,,,,,,,,,
Gina,98,185,68,,,,,,,,,,
_Martyp__,93,185,68,,,,,,,,,,
Papa- papaRatzy ,95,185,68,,,,,,,,,,
Andrea nizzari ,102,185,,,,,,,,,,,
Hell_potato0,87,185,68,,,,,,,,,,
Ewan_McGregor_camerlengo_sempre,98,185,68,,,,,,,,,,
PAPAFRANCESCO69,98,185,68,,,,,,,,,,
vescovILE,98,185,68,,,,,,,,,,
CucciPope,97,185,68,,,,,,,,,,
Zuppi FC,105,185,,,,,,,,,,,
Innocenzo III,96,185,68,,,,,,,,,,
35fanta,96,185,68,,,,,,,,,,
Benedictus,102,185,,,,,,,,,,,
desy3diquartiere ,97,185,68,,,,,,,,,,
cocozza la potenza,86,185,68,,,,,,,,,,
danigran,102,185,,,,,,,,,,,
Gloriasemplice,105,185,,,,,,,,,,,
titti,92,185,68,,,,,,,,,,
Valepopididi1925,100,185,68,,,,,,,,,,
Emjackmat,100,185,68,,,,,,,,,,
Pizzoccherino,95,185,68,,,,,,,,,,
Chia_,92,185,68,,,,,,,,,,
Spaietta,96,185,68,,,,,,,,,,
Cl63,94,185,68,,,,,,,,,,
Santa Sofia,97,185,68,,,,,,,,,,
Cristina (piccola Crista),106,185,,,,,,,,,,,
Amici di Pizzaballa,84,185,68,,,,,,,,,,
Zarange,90,185,68,,,,,,,,,,
Manuele,102,185,,,,,,,,,,,
Lisetta,96,185,68,,,,,,,,,,
Marcuzzz,97,185,68,,,,,,,,,,
Lollo,100,185,68,,,,,,,,,,
Kl4r3tta,99,185,68,,,,,,,,,,
niamh ;),99,185,68,,,,,,,,,,
Papaale ,104,185,,,,,,,,,,,
papagio,96,185,68,,,,,,,,,,
helisr,103,185,,,,,,,,,,,
habemusfanta,98,185,68,,,,,,,,,,
Lena,81,185,68,,,,,,,,,,
giulia,102,185,,,,,,,,,,,
BimbaDiZuppi,97,185,68,,,,,,,,,,
Santa Giulia ,80,185,68,,,,,,,,,,
Tokyo ,98,185,68,,,,,,,,,,
lapapabile,104,185,,,,,,,,,,,
Conclafra,92,185,68,,,,,,,,,,
bbea,85,185,68,,,,,,,,,,
Se non √® zuppi √® pan bagnato ,89,185,68,,,,,,,,,,
Xena,103,185,,,,,,,,,,,
Gaia P ,99,185,68,,,,,,,,,,
San Amadeus ,102,185,,,,,,,,,,,
sofiga ,76,185,68,,,,,,,,,,
HolyMary,98,185,68,,,,,,,,,,
M4v,99,185,68,,,,,,,,,,
Futura,106,185,,,,,,,,,,,
Si gioca ogni morte di Papa ,96,185,68,,,,,,,,,,
mmmm77,85,185,68,,,,,,,,,,
DioZu,87,185,68,,,,,,,,,,
mery,92,185,68,,,,,,,,,,
PioXII,103,185,,,,,,,,,,,
LA.PAPESSA,98,185,68,,,,,,,,,,
Zchegg Pontifix,84,185,68,,,,,,,,,,
Cross Nox,97,185,68,,,,,,,,,,
Cardianale Voiello ,96,185,68,,,,,,,,,,
Andrew,91,185,68,,,,,,,,,,
carlottaa_16,97,185,68,,,,,,,,,,
Fedexx,98,185,68,,,,,,,,,,
Bea_Ferrari,100,185,68,,,,,,,,,,
beaniro,100,185,68,,,,,,,,,,
Nicol√≤ ,93,185,68,,,,,,,,,,
Zuppilover ,98,185,68,,,,,,,,,,
Benny88,86,185,68,,,,,,,,,,
Pizza,107,185,,,,,,,,,,,
Zuppiilnostrovescovo,87,185,68,,,,,,,,,,
Caoscalmo,96,185,68,,,,,,,,,,
Pope_PizzaDance,105,185,,,,,,,,,,,
melastra,97,185,68,,,,,,,,,,
Papice ,98,185,68,,,,,,,,,,
Conclavengers,97,185,68,,,,,,,,,,
Papa peps,98,185,68,,,,,,,,,,
Santopiripillo,101,185,,,,,,,,,,,
Robertyna97,98,185,68,,,,,,,,,,
Marteena,98,185,68,,,,,,,,,,
ü•ºgiuls&pius ‚õ™Ô∏è,97,185,68,,,,,,,,,,
m.is.h_,97,185,68,,,,,,,,,,
VMF22,98,185,68,,,,,,,,,,
CheDioCiAiuti,98,185,68,,,,,,,,,,
Sorella Deb,103,185,,,,,,,,,,,
Zanne,90,185,68,,,,,,,,,,
Gaiuzz,86,185,68,,,,,,,,,,
gai.ee,99,185,68,,,,,,,,,,
AndreaMZ,105,185,,,,,,,,,,,
saexpazzo,106,185,,,,,,,,,,,
Vatican‚Äôt,98,185,68,,,,,,,,,,
Cumclave latino,97,185,68,,,,,,,,,,
pizzozoedance,98,185,68,,,,,,,,,,
PontifexMaximus,87,185,68,,,,,,,,,,
V.ery87,104,185,,,,,,,,,,,
Ale,98,185,68,,,,,,,,,,
Chri,103,185,,,,,,,,,,,
SirCiarls,98,185,68,,,,,,,,,,
Camerlengo19,91,185,68,,,,,,,,,,
Lina ,98,185,68,,,,,,,,,,
avemarina,98,185,68,,,,,,,,,,
Ludo22,107,185,,,,,,,,,,,
Serenamente,103,185,,,,,,,,,,,
Marianna,99,185,68,,,,,,,,,,
tali,88,185,68,,,,,,,,,,
Elle,97,185,68,,,,,,,,,,
Elle,97,185,68,,,,,,,,,,
Elle,97,185,68,,,,,,,,,,
Bonifacio VIII,102,185,,,,,,,,,,,
Emipapa08,91,185,68,,,,,,,,,,
magghie,97,185,68,,,,,,,,,,
Rei,97,185,68,,,,,,,,,,
Ludia,98,185,68,,,,,,,,,,
Conclave2025,101,185,,,,,,,,,,,
Glasschild ,95,185,68,,,,,,,,,,
Oddythepope,97,185,68,,,,,,,,,,
annalisabs57,98,185,68,,,,,,,,,,
Anna,98,185,68,,,,,,,,,,
martaaa,103,185,,,,,,,,,,,
La Dittatrice ,98,185,68,,,,,,,,,,
Cuscus,104,185,,,,,,,,,,,
Ladyre2300,87,185,68,,,,,,,,,,
Weloveparolin,97,185,68,,,,,,,,,,
Aliss&Carmen,89,185,68,,,,,,,,,,
Phoenix,104,185,,,,,,,,,,,
Weloveparolin ,99,185,68,,,,,,,,,,
maria vergine immacolata,96,185,68,,,,,,,,,,
ann444,105,185,,,,,,,,,,,
Papa Nero ,97,185,68,,,,,,,,,,
Niklo91,105,185,,,,,,,,,,,
PopeFrancyTeam,96,185,68,,,,,,,,,,
La Papessa ,91,185,68,,,,,,,,,,
giogio,85,185,68,,,,,,,,,,
Bros_04,86,185,68,,,,,,,,,,
Nicole03,105,185,,,,,,,,,,,
Nikluzz,97,185,68,,,,,,,,,,
Frate Fumata,106,185,,,,,,,,,,,
_iosonolucia_,96,185,68,,,,,,,,,,
Kju,103,185,,,,,,,,,,,
Innocenzo ,97,185,68,,,,,,,,,,
Pontifex Maximus,103,185,,,,,,,,,,,
Chiaramarr,104,185,,,,,,,,,,,
annika,104,185,,,,,,,,,,,
papabile,100,185,68,,,,,,,,,,
Tinax,98,185,68,,,,,,,,,,
Nefise,98,185,68,,,,,,,,,,
ange,97,185,68,,,,,,,,,,
AnnaPannocchia,98,185,68,,,,,,,,,,
Madre_badessa ,106,185,,,,,,,,,,,
dioladro,95,185,68,,,,,,,,,,
Saramezza,98,185,68,,,,,,,,,,
SANTA ROX,98,185,68,,,,,,,,,,
Luca1993,97,185,68,,,,,,,,,,
Manuuu,98,185,68,,,,,,,,,,
Camicivetta,97,185,68,,,,,,,,,,
fede ,86,185,68,,,,,,,,,,
Popeandoperk,98,185,68,,,,,,,,,,
#seiilmiopapapreferito,100,185,68,,,,,,,,,,
Suor ValiBali,98,185,68,,,,,,,,,,
Vitto,96,185,68,,,,,,,,,,
MAR-TY,95,185,68,,,,,,,,,,
cam.exe,91,185,68,,,,,,,,,,
federico maria zuppi lacanna,98,185,68,,,,,,,,,,
DANOo8,95,185,68,,,,,,,,,,
Roberry,100,185,68,,,,,,,,,,
La papalina,96,185,68,,,,,,,,,,
Vero89,104,185,,,,,,,,,,,
ilprofdiflaviaCarapelle.it,87,185,68,,,,,,,,,,
IlprofdiflaviaCarapelle.it,88,185,68,,,,,,,,,,
Lalla,98,185,68,,,,,,,,,,
evaz,91,185,68,,,,,,,,,,
Habemus Dadam,96,185,68,,,,,,,,,,
Ipapabili,86,185,68,,,,,,,,,,
Elena,98,185,68,,,,,,,,,,
Elly,96,185,68,,,,,,,,,,
Papa Mod I,100,185,68,,,,,,,,,,
cardinalking,96,185,68,,,,,,,,,,
ornellacareri217,96,185,68,,,,,,,,,,
Vale10adp,104,185,,,,,,,,,,,
teuzzzz,98,185,68,,,,,,,,,,
martinacapuccinaballerina,96,185,68,,,,,,,,,,
Tea,98,185,68,,,,,,,,,,
Emma,96,185,68,,,,,,,,,,
Don Maffington,104,185,,,,,,,,,,,
angelididio,99,185,68,,,,,,,,,,
I papabili palpabili,98,185,68,,,,,,,,,,
gaiaaa_,96,185,68,,,,,,,,,,
GoodZupp,98,185,68,,,,,,,,,,
suorsusamella,90,185,68,,,,,,,,,,
dillybelu,93,185,68,,,,,,,,,,
Il papa papabile ,98,185,68,,,,,,,,,,
HolyChiara88,98,185,68,,,,,,,,,,
Papa Giacomo I,100,185,68,,,,,,,,,,
Giacomoboscari@gmail.com,104,185,,,,,,,,,,,
moni.light,87,185,68,,,,,,,,,,
papale,97,185,68,,,,,,,,,,
donfrederico@,105,185,,,,,,,,,,,
Fyury,85,185,68,,,,,,,,,,
GiuB,98,185,68,,,,,,,,,,
maggyboky01,99,185,68,,,,,,,,,,
LiceoCasiniConclave,97,185,68,,,,,,,,,,
Rebep ,98,185,68,,,,,,,,,,
Sant Agnese ,88,185,68,,,,,,,,,,
Mary ,95,185,68,,,,,,,,,,
Kia,97,185,68,,,,,,,,,,
aurora,98,185,68,,,,,,,,,,
swag.auro ,96,185,68,,,,,,,,,,
auri_.colari,97,185,68,,,,,,,,,,
PitConclave,101,185,,,,,,,,,,,
Don Matteo,104,185,,,,,,,,,,,
LaDuchessa,96,185,68,,,,,,,,,,
Vero,101,185,,,,,,,,,,,
PAPA ,97,185,68,,,,,,,,,,
peraüçê,99,185,68,,,,,,,,,,
Tiger939,98,185,68,,,,,,,,,,
Fantazuppi ,94,185,68,,,,,,,,,,
livv,96,185,68,,,,,,,,,,
PapaPetardo,95,185,68,,,,,,,,,,
ems ,105,185,,,,,,,,,,,
Piergi,97,185,68,,,,,,,,,,
ele,99,185,68,,,,,,,,,,
ClaCla,98,185,68,,,,,,,,,,
Godsavethepope ,99,185,68,,,,,,,,,,
bellini360,96,185,68,,,,,,,,,,
Glori1502,98,185,68,,,,,,,,,,
giorgiona,97,185,68,,,,,,,,,,
Fantaparadise,98,185,68,,,,,,,,,,
Chiccadance,106,185,,,,,,,,,,,
Peppe_nino,105,185,,,,,,,,,,,
Michela,103,185,,,,,,,,,,,
Speriamo bene,97,185,68,,,,,,,,,,
Peppe,100,185,68,,,,,,,,,,
Frank07,101,185,,,,,,,,,,,
Alessandro Magno,98,185,68,,,,,,,,,,
Alessandro Magno ,98,185,68,,,,,,,,,,
Pap_pa al pomodoro,99,185,68,,,,,,,,,,
Fontanini82 ,103,185,,,,,,,,,,,
Livrieri Fc,105,185,,,,,,,,,,,
Fh0nix777,84,185,68,,,,,,,,,,
Martin Luther King,105,185,,,,,,,,,,,
felixfor03,73,185,68,,,,,,,,,,
kikka,87,185,68,,,,,,,,,,
Chiara,98,185,68,,,,,,,,,,
IL_VATE-DUNFRIES,97,185,68,,,,,,,,,,
Alessandro Magno ,97,185,68,,,,,,,,,,
Elly,95,185,68,,,,,,,,,,
rebecca,81,185,68,,,,,,,,,,
POP(p)E,90,185,68,,,,,,,,,,
habemuspapam(forse),94,185,68,,,,,,,,,,
Papanni,84,185,68,,,,,,,,,,
drunksocratesss,84,185,68,,,,,,,,,,
Bonus et malus,95,180,69,,,,,,,,,,
Papa Angela 1,107,180,,,,,,,,,,,
PapaV,100,180,69,,,,,,,,,,
La Guardia Svizzera,97,180,69,,,,,,,,,,
Chichi ,99,180,69,,,,,,,,,,
Chichii,99,180,69,,,,,,,,,,
soffycici,98,180,69,,,,,,,,,,
Alessia.c,98,180,69,,,,,,,,,,
zuppibaby,95,180,69,,,,,,,,,,
martaaa,105,180,,,,,,,,,,,
NigEr üá≥üá™,103,180,,,,,,,,,,,
i Papabili,102,180,,,,,,,,,,,
voglio.una.papessa,76,180,69,,,,,,,,,,
Eli,95,180,69,,,,,,,,,,
IlPapo666,85,180,69,,,,,,,,,,
Atletico Apostolico,98,180,69,,,,,,,,,,
sunshineechoes,104,180,,,,,,,,,,,
Pagliacci i cardinali ,93,180,69,,,,,,,,,,
Papagang,102,180,,,,,,,,,,,
MadreTeresaDiConclave,97,180,69,,,,,,,,,,
Er vate,101,180,,,,,,,,,,,
suorpapa,101,180,,,,,,,,,,,
Ame n(o√≠),99,180,69,,,,,,,,,,
Conclave de cristo,99,180,69,,,,,,,,,,
Gian dark,102,180,,,,,,,,,,,
Aegon96,95,180,69,,,,,,,,,,
Fire,101,180,,,,,,,,,,,
Bazz,102,180,,,,,,,,,,,
veronicss,100,180,69,,,,,,,,,,
itserena4,101,180,,,,,,,,,,,
papa_francesco,101,180,,,,,,,,,,,
Luvum,85,180,69,,,,,,,,,,
TarlaConclave,91,180,69,,,,,,,,,,
GloriaEterna,97,180,69,,,,,,,,,,
Er gamba,105,180,,,,,,,,,,,
PadrePPPio,103,180,,,,,,,,,,,
Don Medell√≠n,94,180,69,,,,,,,,,,
Zuppi e pan bagnato ,98,180,69,,,,,,,,,,
TheVaticanBaddie,102,180,,,,,,,,,,,
Con Cla Clava,100,180,69,,,,,,,,,,
Denno,87,180,69,,,,,,,,,,
ilPapaNero79,96,180,69,,,,,,,,,,
Antagonista ,93,180,69,,,,,,,,,,
StaizittaE,92,180,69,,,,,,,,,,
Conclavengers,93,180,69,,,,,,,,,,
giorgiaforchurch  ,105,180,,,,,,,,,,,
la rotty,100,180,69,,,,,,,,,,
Francy,102,180,,,,,,,,,,,
NONLOSO1,103,180,,,,,,,,,,,
gaialotierzo,80,180,69,,,,,,,,,,
Giaelebat ,98,175,70,,,,,,,,,,
PapaFedericaI,103,175,,,,,,,,,,,
Sancta Cata,96,175,70,,,,,,,,,,
Carly,98,175,70,,,,,,,,,,
Gaia,93,175,70,,,,,,,,,,
Zuzzolopapa ,101,175,,,,,,,,,,,
Luisa,98,175,70,,,,,,,,,,
Sfamrn,103,175,,,,,,,,,,,
FrancescaDeBraco,98,175,70,,,,,,,,,,
Daly.92,90,175,70,,,,,,,,,,
Sant‚ÄôAnna D‚ÄôAlfaedo,86,175,70,,,,,,,,,,
GIROTZ,97,175,70,,,,,,,,,,
Lellaconclave,97,175,70,,,,,,,,,,
Debbi96,106,175,,,,,,,,,,,
Papa V,97,175,70,,,,,,,,,,
San Pio Francesco Domenico di Capodacqua,95,175,70,,,,,,,,,,
FANTAboy,103,175,,,,,,,,,,,
Il dream team ,97,175,70,,,,,,,,,,
mickyy,102,175,,,,,,,,,,,
sonounadonnasonocristiana,96,175,70,,,,,,,,,,
Verushka,98,175,70,,,,,,,,,,
MattiaFulcini ,88,175,70,,,,,,,,,,
lee,104,175,,,,,,,,,,,
Nicolinobarellino,98,175,70,,,,,,,,,,
Valery.huaman,101,175,,,,,,,,,,,
Angie,97,175,70,,,,,,,,,,
Cami,103,175,,,,,,,,,,,
Papalina ,98,175,70,,,,,,,,,,
AliFrancisco,98,175,70,,,,,,,,,,
Francy,103,175,,,,,,,,,,,
Papa Matteo,99,175,70,,,,,,,,,,
La papessa ,87,175,70,,,,,,,,,,
Moenarchia Papale,88,175,70,,,,,,,,,,
Sorella_giulia,104,175,,,,,,,,,,,
Milio,96,175,70,,,,,,,,,,
Borgia,98,175,70,,,,,,,,,,
We want Pope Pizzadance,96,175,70,,,,,,,,,,
giovanniapostolo,95,175,70,,,,,,,,,,
emmasindaco,107,175,,,,,,,,,,,
Papabro,99,175,70,,,,,,,,,,
chia,97,175,70,,,,,,,,,,
martuzs,86,175,70,,,,,,,,,,
marghez,104,175,,,,,,,,,,,
AbemusPapa,98,175,70,,,,,,,,,,
Innocenzium ,104,175,,,,,,,,,,,
sara,96,175,70,,,,,,,,,,
Semper fidelis,104,175,,,,,,,,,,,
@MattatoioÔ£ø,85,175,70,,,,,,,,,,
sansundertale,96,175,70,,,,,,,,,,
BatPapa,84,175,70,,,,,,,,,,
riri ,98,175,70,,,,,,,,,,
BugoScaldino ,105,175,,,,,,,,,,,
iosnsn,89,175,70,,,,,,,,,,
Ragnar ,85,175,70,,,,,,,,,,
DrLecter,86,175,70,,,,,,,,,,
Cri_90!,90,175,70,,,,,,,,,,
Luxiqqq,97,175,70,,,,,,,,,,
marco_tiktok,100,175,70,,,,,,,,,,
michele00,96,175,70,,,,,,,,,,
Giosole,98,175,70,,,,,,,,,,
Elle,96,175,70,,,,,,,,,,
Lorenzeus,97,175,70,,,,,,,,,,
mcentu91,95,175,70,,,,,,,,,,
Frank amente spero tengano Pap√† Frank a mente ,97,175,70,,,,,,,,,,
espresso assassino,87,175,70,,,,,,,,,,
Lisalisa,86,175,70,,,,,,,,,,
Fralmi,102,175,,,,,,,,,,,
Next Pope,97,175,70,,,,,,,,,,
CONCLAVE25,105,175,,,,,,,,,,,
ElenaC,88,175,70,,,,,,,,,,
Pericolo papale ,96,175,70,,,,,,,,,,
Che lo spirito santo sia con me,102,175,,,,,,,,,,,
DajeRomaDaje,107,175,,,,,,,,,,,
ariannazzzzzzzz,94,175,70,,,,,,,,,,
Emmarina.08,98,175,70,,,,,,,,,,
martuccia,105,175,,,,,,,,,,,
Gavino_270,98,175,70,,,,,,,,,,
Super Pippi,99,175,70,,,,,,,,,,
Giovanni Paolo III,95,175,70,,,,,,,,,,
TheFisherman,98,175,70,,,,,,,,,,
Giada,87,175,70,,,,,,,,,,
Laurentius I,93,175,70,,,,,,,,,,
alecannao,104,175,,,,,,,,,,,
Loki-Wife,97,175,70,,,,,,,,,,
Daje Roma,98,175,70,,,,,,,,,,
lada,102,175,,,,,,,,,,,
estercastellanii,99,175,70,,,,,,,,,,
PapaSquad,98,175,70,,,,,,,,,,
Abisso,97,175,70,,,,,,,,,,
papessaelenoire,100,175,70,,,,,,,,,,
gre ,97,175,70,,,,,,,,,,
glorix,98,175,70,,,,,,,,,,
Pope 2.0,102,175,,,,,,,,,,,
Gio,96,175,70,,,,,,,,,,
Ketty LXXVI,97,175,70,,,,,,,,,,
Gre.at._,98,175,70,,,,,,,,,,
Papa,84,175,70,,,,,,,,,,
Angie,100,175,70,,,,,,,,,,
Gaia&Matteo,96,175,70,,,,,,,,,,
Nappina T,98,175,70,,,,,,,,,,
Giug,98,175,70,,,,,,,,,,
Sole1520,101,175,,,,,,,,,,,
PapaRe,96,175,70,,,,,,,,,,
Youngpope,88,175,70,,,,,,,,,,
Papamobile,97,175,70,,,,,,,,,,
Vigi,102,175,,,,,,,,,,,
selenina,76,175,70,,,,,,,,,,
Sorella,82,175,70,,,,,,,,,,
cipollina,93,175,70,,,,,,,,,,
Conclavando,79,175,70,,,,,,,,,,
"Osanna, Cristo Signor ",91,175,70,,,,,,,,,,
Tedesco‚Äôsfemboy,88,175,70,,,,,,,,,,
maridl96,94,175,70,,,,,,,,,,
NurseAnna ,87,175,70,,,,,,,,,,
Zuppinastan,86,175,70,,,,,,,,,,
chiaretta,102,175,,,,,,,,,,,
Ale2779,96,175,70,,,,,,,,,,
mindeathmoon,102,175,,,,,,,,,,,
meiz,92,175,70,,,,,,,,,,
sberillio,92,175,70,,,,,,,,,,
franciuz,92,175,70,,,,,,,,,,
allegrus ,97,175,70,,,,,,,,,,
Maria vergine ,93,175,70,,,,,,,,,,
PulaMea,81,175,70,,,,,,,,,,
Ikri,93,175,70,,,,,,,,,,
Sarah01,88,175,70,,,,,,,,,,
dale,89,175,70,,,,,,,,,,
Pioxdabest,88,175,70,,,,,,,,,,
tina,95,175,70,,,,,,,,,,
Purple,92,175,70,,,,,,,,,,
AbbiFedez,88,175,70,,,,,,,,,,
Gianni,106,175,,,,,,,,,,,
Mosquito,97,175,70,,,,,,,,,,
Gandhi,87,175,70,,,,,,,,,,
Gyn99,93,175,70,,,,,,,,,,
Elle,85,175,70,,,,,,,,,,
Michius_23 ,93,170,71,,,,,,,,,,
per te il trono di san pietro finisce qua,88,170,71,,,,,,,,,,
PaoPapessa,91,170,71,,,,,,,,,,
Popettini004,100,170,71,,,,,,,,,,
Laurentium,99,170,71,,,,,,,,,,
mellisosa,99,170,71,,,,,,,,,,
Afflixione,71,170,71,,,,,,,,,,
Blastx il papa,98,170,71,,,,,,,,,,
Sue93,94,170,71,,,,,,,,,,
La Sarda,86,170,71,,,,,,,,,,
unicornodorato,84,170,71,,,,,,,,,,
G.P.D,92,170,71,,,,,,,,,,
Lions,92,170,71,,,,,,,,,,
noe_minenza,95,170,71,,,,,,,,,,
Evelyn Immaculatus I,81,170,71,,,,,,,,,,
Aridaje,97,170,71,,,,,,,,,,
#_bobby_,92,170,71,,,,,,,,,,
Andre,99,170,71,,,,,,,,,,
BELA666,96,170,71,,,,,,,,,,
Ellelee,96,170,71,,,,,,,,,,
SLV70,86,170,71,,,,,,,,,,
fantaconclaveeva,92,170,71,,,,,,,,,,
Farabir,80,170,71,,,,,,,,,,
Il capo ,61,170,71,,,,,,,,,,
Memole_Dolce_Memole_1983,85,170,71,,,,,,,,,,
Franciuans,100,170,71,,,,,,,,,,
Francesco ,77,170,71,,,,,,,,,,
Papannie,80,170,71,,,,,,,,,,
sara.24,88,170,71,,,,,,,,,,
CIRCE BICE TRIXI ,86,170,71,,,,,,,,,,
alicerossi89,85,170,71,,,,,,,,,,
Giulss,94,170,71,,,,,,,,,,
Il pap√† nero,97,170,71,,,,,,,,,,
ciceeffe,92,170,71,,,,,,,,,,
FikyDani,79,170,71,,,,,,,,,,
Anticristo,97,170,71,,,,,,,,,,
Cardinaletedescocomunista,83,170,71,,,,,,,,,,
Ceci98,93,170,71,,,,,,,,,,
FantaSophie,87,170,71,,,,,,,,,,
RandagiaDeb,89,170,71,,,,,,,,,,
Madda,88,170,71,,,,,,,,,,
Saradb,88,170,71,,,,,,,,,,
gaia la queen,99,170,71,,,,,,,,,,
Mara22,91,170,71,,,,,,,,,,
Roby90,79,165,72,,,,,,,,,,
chrypalli,82,165,72,,,,,,,,,,
VaticanCiffa,76,165,72,,,,,,,,,,
Claudio I,92,165,72,,,,,,,,,,
Ognimortedipapa,88,165,72,,,,,,,,,,
giulia,93,165,72,,,,,,,,,,
Giakthebert,75,165,72,,,,,,,,,,
Angela e Pedro ,83,165,72,,,,,,,,,,
BranzinoVolante ,93,165,72,,,,,,,,,,
Papabilus,92,165,72,,,,,,,,,,
alpi1991,87,165,72,,,,,,,,,,
HabemusPapam,99,165,72,,,,,,,,,,
Papa Francesco II,98,165,72,,,,,,,,,,
Banano,100,165,72,,,,,,,,,,
cele,92,165,72,,,,,,,,,,
diva777,94,165,72,,,,,,,,,,
ari.mac,85,165,72,,,,,,,,,,
Giuda77,88,165,72,,,,,,,,,,
Wipapi_81,85,165,72,,,,,,,,,,
La papamobile,89,165,72,,,,,,,,,,
Salvo02@,100,165,72,,,,,,,,,,
AbemusPapae,89,165,72,,,,,,,,,,
Manu96,88,165,72,,,,,,,,,,
aely,83,165,72,,,,,,,,,,
Bo,73,165,72,,,,,,,,,,
Andre&Gioüíñ,99,165,72,,,,,,,,,,
Pietrus Romanus ,99,165,72,,,,,,,,,,
Felix,93,165,72,,,,,,,,,,
souleva,88,165,72,,,,,,,,,,
Konclav?! ,90,165,72,,,,,,,,,,
Santa Maria Novella Team,93,165,72,,,,,,,,,,
tinapapina ,88,165,72,,,,,,,,,,
Lalla ,94,165,72,,,,,,,,,,
Tere,87,160,73,,,,,,,,,,
Oxipe61,91,160,73,,,,,,,,,,
GiuMetti,85,160,73,,,,,,,,,,
filippica,82,160,73,,,,,,,,,,
DeusMaialis,87,160,73,,,,,,,,,,
eliii,101,160,,,,,,,,,,,
Karisma,78,160,73,,,,,,,,,,
Martipoppi,86,160,73,,,,,,,,,,
Teo,85,160,73,,,,,,,,,,
Helly_.Nora,89,160,73,,,,,,,,,,
ooh.laviniaa,88,160,73,,,,,,,,,,
claudiaaiello,72,160,73,,,,,,,,,,
PAPALE,88,160,73,,,,,,,,,,
Lola la papessa,86,160,73,,,,,,,,,,
Matteozuppitiamo,84,160,73,,,,,,,,,,
itsmesarda,86,160,73,,,,,,,,,,
Queenny,90,160,73,,,,,,,,,,
Ucce,85,160,73,,,,,,,,,,
Papone,100,160,73,,,,,,,,,,
ludo_mac,84,160,73,,,,,,,,,,
ludo_mac ,84,160,73,,,,,,,,,,
Lilly955,76,160,73,,,,,,,,,,
Mavericks,97,160,73,,,,,,,,,,
Giorgia,97,160,73,,,,,,,,,,
Cloro al Clero,68,160,73,,,,,,,,,,
Besughi,92,160,73,,,,,,,,,,
fedeave,69,160,73,,,,,,,,,,
Titch74,104,160,,,,,,,,,,,
Nuindilyon,92,155,74,,,,,,,,,,
HabemusPapam ,103,155,,,,,,,,,,,
PapAle ,84,155,74,,,,,,,,,,
gloriainexcelsisdeo,89,155,74,,,,,,,,,,
Benedetta08,95,155,74,,,,,,,,,,
Vickyyyyyy,84,155,74,,,,,,,,,,
robs ,91,155,74,,,,,,,,,,
DharmaFushiguro,92,155,74,,,,,,,,,,
Wojtyqu√†,93,155,74,,,,,,,,,,
doublem,96,155,74,,,,,,,,,,
Matisse25,97,155,74,,,,,,,,,,
Papa lino I,85,155,74,,,,,,,,,,
aliii.laa,93,155,74,,,,,,,,,,
parolin uno di noi ,89,155,74,,,,,,,,,,
Santi Atei,83,155,74,,,,,,,,,,
Dany,87,155,74,,,,,,,,,,
bancodeibegni,99,155,74,,,,,,,,,,
Papelepapele01,90,155,74,,,,,,,,,,
DANOo8,86,155,74,,,,,,,,,,
Gabriele I,91,155,74,,,,,,,,,,
sara,84,155,74,,,,,,,,,,
Papa Paolo VII,95,155,74,,,,,,,,,,
Aldo133,93,155,74,,,,,,,,,,
Paprika,83,155,74,,,,,,,,,,
Habemus papa,71,155,74,,,,,,,,,,
Greee ,92,155,74,,,,,,,,,,
ilBossDelVaticano,97,155,74,,,,,,,,,,
DAV,90,155,74,,,,,,,,,,
Ornellavanonieh,94,155,74,,,,,,,,,,
Sunhee ,91,155,74,,,,,,,,,,
BeneBare,93,155,74,,,,,,,,,,
GiGi,80,155,74,,,,,,,,,,
ConclaFra25,91,155,74,,,,,,,,,,
Diavoletta97,91,155,74,,,,,,,,,,
svitty,88,155,74,,,,,,,,,,
elisabettadattiss,87,155,74,,,,,,,,,,
:P,89,155,74,,,,,,,,,,
DavSport,73,155,74,,,,,,,,,,
Le Frociate,93,155,74,,,,,,,,,,
Papapatus karolus,93,155,74,,,,,,,,,,
Teofilatto25,85,155,74,,,,,,,,,,
Chsncl88,85,155,74,,,,,,,,,,
Gia-,84,155,74,,,,,,,,,,
Gia-,85,155,74,,,,,,,,,,
Papabildonna,92,155,74,,,,,,,,,,
miapapa,81,155,74,,,,,,,,,,
DonMauro,85,155,74,,,,,,,,,,
claccola,87,155,74,,,,,,,,,,
Suor Asia ,74,155,74,,,,,,,,,,
Il_comunista_incazzato ,78,155,74,,,,,,,,,,
fraonfire,91,155,74,,,,,,,,,,
kmb20,92,155,74,,,,,,,,,,
PAPESSOGIOVANNO,84,155,74,,,,,,,,,,
Papa-veri,91,155,74,,,,,,,,,,
tralalero trallala ,86,155,74,,,,,,,,,,
Giulix ,83,155,74,,,,,,,,,,
Villanelle,99,155,74,,,,,,,,,,
Roby12,85,155,74,,,,,,,,,,
Ajeje Brazorf,94,155,74,,,,,,,,,,
Trash boss,74,155,74,,,,,,,,,,
frafra,89,155,74,,,,,,,,,,
IlCino,84,155,74,,,,,,,,,,
icardinalidigiulia,77,155,74,,,,,,,,,,
Boh,81,155,74,,,,,,,,,,
Papa Leone I II,76,155,74,,,,,,,,,,
CHICCACHICCA,93,155,74,,,,,,,,,,
FantaPapa,90,155,74,,,,,,,,,,
PapaAlam,82,155,74,,,,,,,,,,
Alepapa,84,155,74,,,,,,,,,,
becccastel,94,155,74,,,,,,,,,,
PapaNeroDopoMissItalia,75,155,74,,,,,,,,,,
Whittelsbach,90,155,74,,,,,,,,,,
Lapapessapazzesca,97,155,74,,,,,,,,,,
NeroChiaro,92,155,74,,,,,,,,,,
Lus,96,155,74,,,,,,,,,,
Cioppy,86,155,74,,,,,,,,,,
Erika,95,155,74,,,,,,,,,,
LaSic,90,155,74,,,,,,,,,,
relisa,88,155,74,,,,,,,,,,
Antonio Ivan ,85,155,74,,,,,,,,,,
AndreaCan11,91,155,74,,,,,,,,,,
NickyLucky,88,155,74,,,,,,,,,,
Pur√®5569,85,155,74,,,,,,,,,,
maddii ,88,155,74,,,,,,,,,,
Camerlengo,94,155,74,,,,,,,,,,
PapaNicoleI,92,155,74,,,,,,,,,,
moooookyyyyyy,95,155,74,,,,,,,,,,
ellie,93,155,74,,,,,,,,,,
habemus vanessam ,90,155,74,,,,,,,,,,
ennefattoriale,99,155,74,,,,,,,,,,
Irene,90,155,74,,,,,,,,,,
eliisa,95,155,74,,,,,,,,,,
tommi14,93,155,74,,,,,,,,,,
francesconelcuore,93,155,74,,,,,,,,,,
Conclave League,92,155,74,,,,,,,,,,
SuorVane,93,155,74,,,,,,,,,,
Maru90,84,155,74,,,,,,,,,,
emmaemmaemma,92,155,74,,,,,,,,,,
Le papesse,86,155,74,,,,,,,,,,
em.ma,84,155,74,,,,,,,,,,
Nooooooolapoliziaaanoooooo,94,155,74,,,,,,,,,,
Conclavisti anonimi ,97,155,74,,,,,,,,,,
CONCLAVATOR ,90,155,74,,,,,,,,,,
nicoledelcarosi,95,155,74,,,,,,,,,,
Giovani Tommaso,93,155,74,,,,,,,,,,
Soff,80,155,74,,,,,,,,,,
habemusfamem ,93,155,74,,,,,,,,,,
papaprinci,93,155,74,,,,,,,,,,
bellastoria,87,155,74,,,,,,,,,,
Merlino,91,155,74,,,,,,,,,,
PapatoTorino,86,155,74,,,,,,,,,,
stefi,73,155,74,,,,,,,,,,
lorelollo,86,155,74,,,,,,,,,,
Saretta07,86,155,74,,,,,,,,,,
Ana.j_s,91,155,74,,,,,,,,,,
Zuppinan1,86,155,74,,,,,,,,,,
ArchiPapa,85,155,74,,,,,,,,,,
Leonardus I,93,155,74,,,,,,,,,,
Livius97,85,155,74,,,,,,,,,,
ChierichettoMaldestro,88,155,74,,,,,,,,,,
PapaRazzy ,93,155,74,,,,,,,,,,
SorellaBea,77,155,74,,,,,,,,,,
Beuzz,86,155,74,,,,,,,,,,
Dox,91,155,74,,,,,,,,,,
habemus victoriam,90,155,74,,,,,,,,,,
yandeee,84,155,74,,,,,,,,,,
Paparob,84,155,74,,,,,,,,,,
howimetyourpope ,87,155,74,,,,,,,,,,
La Papessa,100,155,74,,,,,,,,,,
Gioggiii,95,155,74,,,,,,,,,,
Marta,100,155,74,,,,,,,,,,
Papa Io I,92,155,74,,,,,,,,,,
Ali,74,155,74,,,,,,,,,,
Che Dio ci aiuti ,78,155,74,,,,,,,,,,
Prospero Savoca,86,155,74,,,,,,,,,,
nillaaaaa,89,155,74,,,,,,,,,,
PapabiliPapi,88,155,74,,,,,,,,,,
BenedettaGiorgiaSedicesima,79,155,74,,,,,,,,,,
lollo,86,155,74,,,,,,,,,,
Carli,93,155,74,,,,,,,,,,
Suorina96,85,155,74,,,,,,,,,,
erre,92,155,74,,,,,,,,,,
Mastro Yoda,94,155,74,,,,,,,,,,
Dama,83,155,74,,,,,,,,,,
Chiara.55,89,155,74,,,,,,,,,,
mimmi11,87,155,74,,,,,,,,,,
Manchester capuano,71,155,74,,,,,,,,,,
arcangela ,87,155,74,,,,,,,,,,
RitaSpadino,90,155,74,,,,,,,,,,
Mar√®,87,155,74,,,,,,,,,,
aur√≤,82,155,74,,,,,,,,,,
babi,95,155,74,,,,,,,,,,
Cardinal Pork,97,155,74,,,,,,,,,,
chrichrino,87,155,74,,,,,,,,,,
SaintEchelon,90,155,74,,,,,,,,,,
marticare ,84,155,74,,,,,,,,,,
Emma Bosco,86,155,74,,,,,,,,,,
Luca_Ponsi03,97,155,74,,,,,,,,,,
papabili2k25,82,155,74,,,,,,,,,,
FranConclave,92,155,74,,,,,,,,,,
Morychan,86,155,74,,,,,,,,,,
Cris,91,155,74,,,,,,,,,,
saretta,73,155,74,,,,,,,,,,
Die,86,155,74,,,,,,,,,,
ily.__i,94,155,74,,,,,,,,,,
ilConclavesimo,81,155,74,,,,,,,,,,
ZuppiYeah,88,155,74,,,,,,,,,,
La papessa,94,155,74,,,,,,,,,,
Chicca,100,155,74,,,,,,,,,,
Valeeeee,84,155,74,,,,,,,,,,
Panino alla Nutella,84,155,74,,,,,,,,,,
PAPARYA,89,155,74,,,,,,,,,,
Pap√† Razzo,75,155,74,,,,,,,,,,
Habemus Vittoriam,93,155,74,,,,,,,,,,
Vivailpapa,92,155,74,,,,,,,,,,
Lor,90,155,74,,,,,,,,,,
Agnosticaperscelta,91,155,74,,,,,,,,,,
emmachevuoi,90,155,74,,,,,,,,,,
CheDiocelomandibuono,83,155,74,,,,,,,,,,
mati la papessa,85,155,74,,,,,,,,,,
Erikapope,84,155,74,,,,,,,,,,
DaniDanto,89,155,74,,,,,,,,,,
Cla444,92,155,74,,,,,,,,,,
rikkyemmorty,75,155,74,,,,,,,,,,
sissi,87,155,74,,,,,,,,,,
pietro_dez,79,155,74,,,,,,,,,,
bellini360,84,155,74,,,,,,,,,,
AnnaM,98,155,74,,,,,,,,,,
MarcelloBello,98,155,74,,,,,,,,,,
Elvy,93,155,74,,,,,,,,,,
Papapapabile ,89,155,74,,,,,,,,,,
Mustoop CC,80,155,74,,,,,,,,,,
Ballerina Cappuccina,89,155,74,,,,,,,,,,
Bonifax,94,155,74,,,,,,,,,,
cryinginitalian ,93,155,74,,,,,,,,,,
AmorthA,85,155,74,,,,,,,,,,
High Priestess Melanie,100,155,74,,,,,,,,,,
Ponte Kutno King,89,155,74,,,,,,,,,,
Laspedi,85,155,74,,,,,,,,,,
chiarella_teapot,96,155,74,,,,,,,,,,
SALGARI,92,155,74,,,,,,,,,,
FantaZuppi,87,150,75,,,,,,,,,,
Benedictus,91,150,75,,,,,,,,,,
SantaErikaElisabetta,93,150,75,,,,,,,,,,
Papista99,92,150,75,,,,,,,,,,
Dal Vangelo secondo Teo,85,150,75,,,,,,,,,,
Papalina ,87,150,75,,,,,,,,,,
Pollyp0cket,83,150,75,,,,,,,,,,
Papa-razzi,82,150,75,,,,,,,,,,
ognimortedipapa,96,150,75,,,,,,,,,,
Cvrxs,72,150,75,,,,,,,,,,
GioMaria,104,150,,,,,,,,,,,
Papam,94,150,75,,,,,,,,,,
Conclavisti Anonimi,98,150,75,,,,,,,,,,
SempreSanta,79,150,75,,,,,,,,,,
Habemus papaV,93,150,75,,,,,,,,,,
P0Rc0d1dd10,86,150,75,,,,,,,,,,
Papito Lelito ,96,150,75,,,,,,,,,,
moenab95,88,150,75,,,,,,,,,,
pavi,85,150,75,,,,,,,,,,
Emaffioli,91,150,75,,,,,,,,,,
Papessa,89,150,75,,,,,,,,,,
kixel,94,150,75,,,,,,,,,,
Eva90,88,150,75,,,,,,,,,,
bimbadizuppi,92,150,75,,,,,,,,,,
gioua,105,150,,,,,,,,,,,
whereisemanuela,74,150,75,,,,,,,,,,
Lalla ,91,150,75,,,,,,,,,,
GiuliaBZ,64,150,75,,,,,,,,,,
gnam,76,150,75,,,,,,,,,,
Franca V,80,150,75,,,,,,,,,,
nomadani,83,150,75,,,,,,,,,,
Roc79,96,150,75,,,,,,,,,,
moenab95,95,145,76,,,,,,,,,,
Luca_march,74,145,76,,,,,,,,,,
Papa Corona,91,145,76,,,,,,,,,,
Valef,90,145,76,,,,,,,,,,
Ciotti,85,145,76,,,,,,,,,,
Tao_Elexiki,90,145,76,,,,,,,,,,
Papa vero,96,145,76,,,,,,,,,,
L3ila,81,145,76,,,,,,,,,,
Papumbo ,93,145,76,,,,,,,,,,
_papalina_,96,145,76,,,,,,,,,,
habemuspapam,89,145,76,,,,,,,,,,
NextVatication,96,145,76,,,,,,,,,,
Alex,87,145,76,,,,,,,,,,
Frabal98,90,145,76,,,,,,,,,,
LaDivinaProvvidenzaüïäÔ∏è,83,145,76,,,,,,,,,,
Lux,82,145,76,,,,,,,,,,
Salvamondo,81,145,76,,,,,,,,,,
Jerry‚Äôs Forecast ,94,145,76,,,,,,,,,,
Martipapa ,84,145,76,,,,,,,,,,
Gian,84,145,76,,,,,,,,,,
Kata,92,145,76,,,,,,,,,,
Miscesc,93,145,76,,,,,,,,,,
Chris,95,145,76,,,,,,,,,,
Elesan29,93,145,76,,,,,,,,,,
Ester843,91,145,76,,,,,,,,,,
Papabile sconfitto ,84,145,76,,,,,,,,,,
Lanzapapa,81,145,76,,,,,,,,,,
Boooh,92,145,76,,,,,,,,,,
Papa Patato,89,145,76,,,,,,,,,,
AleDZ,90,145,76,,,,,,,,,,
PapaBelluz,88,145,76,,,,,,,,,,
lizuffiz,92,145,76,,,,,,,,,,
Elezz,83,145,76,,,,,,,,,,
Biagio ,102,145,,,,,,,,,,,
Conclaviamo tutti,88,145,76,,,,,,,,,,
FLECTARNONFRANGAR,92,145,76,,,,,,,,,,
Mm,83,145,76,,,,,,,,,,
OdioGennaroRomano,88,145,76,,,,,,,,,,
Xoxopapa,91,145,76,,,,,,,,,,
La Papessa,88,145,76,,,,,,,,,,
WHITESARA,87,145,76,,,,,,,,,,
Lexaaa,92,145,76,,,,,,,,,,
catanzaro1,74,145,76,,,,,,,,,,
Uoghert,93,145,76,,,,,,,,,,
Papa v,95,145,76,,,,,,,,,,
Bea4Parolin,91,145,76,,,,,,,,,,
ila_pray,90,145,76,,,,,,,,,,
Parolinista militante ,85,145,76,,,,,,,,,,
Giuda ,87,145,76,,,,,,,,,,
Innocenza I,92,145,76,,,,,,,,,,
Nohabemusmabevemus,93,145,76,,,,,,,,,,
Elena.Mondello,89,145,76,,,,,,,,,,
brunobarbieri,86,145,76,,,,,,,,,,
samuelamarottaa,88,145,76,,,,,,,,,,
Nym_95,91,145,76,,,,,,,,,,
LaPapessa92,79,145,76,,,,,,,,,,
ludologa,89,145,76,,,,,,,,,,
CarValeSole,81,145,76,,,,,,,,,,
PapaX,96,145,76,,,,,,,,,,
Che Zuppi,88,145,76,,,,,,,,,,
bubusette ti siamo gi√† in casa ,89,145,76,,,,,,,,,,
Maybeshesalice,95,145,76,,,,,,,,,,
Silvia1926,100,145,76,,,,,,,,,,
Papa Razzi,96,145,76,,,,,,,,,,
Bibone,94,145,76,,,,,,,,,,
papalina,87,145,76,,,,,,,,,,
Papaprocione,90,145,76,,,,,,,,,,
Annina,88,145,76,,,,,,,,,,
SOFIS POPES,85,145,76,,,,,,,,,,
Barbi,92,145,76,,,,,,,,,,
valee,75,145,76,,,,,,,,,,
GiulyNev,91,145,76,,,,,,,,,,
Bonfix,92,145,76,,,,,,,,,,
Papalina,66,145,76,,,,,,,,,,
GayAllDay,90,145,76,,,,,,,,,,
Parri410,92,145,76,,,,,,,,,,
Silvia,81,145,76,,,,,,,,,,
Giulyvincezuppi,93,145,76,,,,,,,,,,
ThePoppa‚Äôs ,91,145,76,,,,,,,,,,
Flamimeno,85,145,76,,,,,,,,,,
nubileo ,89,145,76,,,,,,,,,,
rebecca gobbi,85,145,76,,,,,,,,,,
Nox ,94,145,76,,,,,,,,,,
Langdon ,91,145,76,,,,,,,,,,
John ,86,145,76,,,,,,,,,,
bimba del basket ,88,145,76,,,,,,,,,,
greta,85,145,76,,,,,,,,,,
axelcrovetto,88,145,76,,,,,,,,,,
l30p14,76,145,76,,,,,,,,,,
Conclavehh,75,145,76,,,,,,,,,,
Vatican girl,86,145,76,,,,,,,,,,
PepyStar88,91,145,76,,,,,,,,,,
MaiunaGIOia,89,145,76,,,,,,,,,,
Barbydazucchero,87,145,76,,,,,,,,,,
Saraaüßö‚Äç‚ôÄÔ∏è,89,145,76,,,,,,,,,,
Vati Cane,100,145,76,,,,,,,,,,
Lafarmacistadimontagna,91,145,76,,,,,,,,,,
I conclavini,93,145,76,,,,,,,,,,
eva.sioneditasse,81,145,76,,,,,,,,,,
Fantacardinale,81,145,76,,,,,,,,,,
SantaPeroni,93,145,76,,,,,,,,,,
lorenzapisanii,98,145,76,,,,,,,,,,
Mimi,74,145,76,,,,,,,,,,
luk4,90,145,76,,,,,,,,,,
zuzzu ,78,145,76,,,,,,,,,,
maty_sl,86,145,76,,,,,,,,,,
Papam Martinus,97,145,76,,,,,,,,,,
elieliiix,100,145,76,,,,,,,,,,
Jacopo,72,145,76,,,,,,,,,,
Emminem,92,145,76,,,,,,,,,,
Gio,88,145,76,,,,,,,,,,
◊©÷¥◊Å◊û÷∞◊¢◊ï÷π◊ü,93,145,76,,,,,,,,,,
juppi ,83,145,76,,,,,,,,,,
Se fuma bianco,86,145,76,,,,,,,,,,
lakampy,101,145,,,,,,,,,,,
LaPapessa,95,145,76,,,,,,,,,,
lapapessa ,86,145,76,,,,,,,,,,
vittovaticano25,76,145,76,,,,,,,,,,
Virgi97!,86,145,76,,,,,,,,,,
Daienovviamente ,87,145,76,,,,,,,,,,
DonAlicio,93,145,76,,,,,,,,,,
Veronica,85,145,76,,,,,,,,,,
LUDOPATICO,97,145,76,,,,,,,,,,
Habemus Infernum,76,145,76,,,,,,,,,,
lulu,85,145,76,,,,,,,,,,
Laurella,82,145,76,,,,,,,,,,
Ele,86,145,76,,,,,,,,,,
andre365,79,145,76,,,,,,,,,,
ali la figa ,85,145,76,,,,,,,,,,
missii,86,145,76,,,,,,,,,,
ninam ,75,145,76,,,,,,,,,,
TIRIAMO A CAMPARI,83,145,76,,,,,,,,,,
antopleppla,103,145,,,,,,,,,,,
saraaa,82,145,76,,,,,,,,,,
Lory,93,145,76,,,,,,,,,,
TheYangPope,86,145,76,,,,,,,,,,
FedericaFrancesca02,76,145,76,,,,,,,,,,
SaS,81,145,76,,,,,,,,,,
L'indul,95,145,76,,,,,,,,,,
Ratzinger vero papa,93,145,76,,,,,,,,,,
Stoca,86,145,76,,,,,,,,,,
NUNTIUS,86,145,76,,,,,,,,,,
Monaca del Piave,98,145,76,,,,,,,,,,
ratzingerveropapa,98,145,76,,,,,,,,,,
Papa nero,98,145,76,,,,,,,,,,
Caro,93,145,76,,,,,,,,,,
Don Perm,99,145,76,,,,,,,,,,
La madonna,64,145,76,,,,,,,,,,
Paoa V,81,145,76,,,,,,,,,,
Marika2000,70,140,77,,,,,,,,,,
ludo_09,88,140,77,,,,,,,,,,
ele.gerry,98,140,77,,,,,,,,,,
Alessandro I,104,140,,,,,,,,,,,
Chiara2007,97,140,77,,,,,,,,,,
IPapabili7,95,140,77,,,,,,,,,,
San Pietro üêí,101,140,,,,,,,,,,,
Annyflute,74,140,77,,,,,,,,,,
Ciccioecclesiastico ,86,140,77,,,,,,,,,,
Barabba innocente,96,140,77,,,,,,,,,,
adol_feat_lear,95,140,77,,,,,,,,,,
Sue93,98,140,77,,,,,,,,,,
LaLuLa,100,140,77,,,,,,,,,,
SantaClaus,85,140,77,,,,,,,,,,
marix,100,140,77,,,,,,,,,,
Pippi92,98,140,77,,,,,,,,,,
chiaramek,105,140,,,,,,,,,,,
Papamango ,82,140,77,,,,,,,,,,
CM,101,140,,,,,,,,,,,
Lindus ,102,140,,,,,,,,,,,
Maka,90,140,77,,,,,,,,,,
Santa Noemi ,88,140,77,,,,,,,,,,
I papi squalati,105,140,,,,,,,,,,,
Paparella96,98,140,77,,,,,,,,,,
Viki,99,140,77,,,,,,,,,,
PortaSanta,83,140,77,,,,,,,,,,
Cice3,100,140,77,,,,,,,,,,
Alienor666,89,140,77,,,,,,,,,,
reb ,101,140,,,,,,,,,,,
Martss,99,140,77,,,,,,,,,,
PapAnna,94,140,77,,,,,,,,,,
SeNonZuppiPanBagnato,75,140,77,,,,,,,,,,
sasy,98,140,77,,,,,,,,,,
San Francesco ,96,140,77,,,,,,,,,,
Giukry,89,140,77,,,,,,,,,,
Crystyna,104,140,,,,,,,,,,,
Sono esaurito mi faccio prete,98,140,77,,,,,,,,,,
SuorChiara,90,140,77,,,,,,,,,,
dieghino,93,140,77,,,,,,,,,,
Angy,98,140,77,,,,,,,,,,
mortounpapasenefaunaltro,88,140,77,,,,,,,,,,
paoletta,99,140,77,,,,,,,,,,
Bomber Campioni,96,140,77,,,,,,,,,,
chikkkaaa11,96,140,77,,,,,,,,,,
PapaPetardo,104,140,,,,,,,,,,,
salvos,87,140,77,,,,,,,,,,
Spv,76,140,77,,,,,,,,,,
satyaxska,69,140,77,,,,,,,,,,
SuperPiera,77,140,77,,,,,,,,,,
Hollino ,100,140,77,,,,,,,,,,
Sarapapalina,81,140,77,,,,,,,,,,
ge_giudi13,81,140,77,,,,,,,,,,
Luca00,92,140,77,,,,,,,,,,
Papanero,90,140,77,,,,,,,,,,
Veronica00,83,140,77,,,,,,,,,,
GeorgForPope,77,140,77,,,,,,,,,,
Gio;),91,140,77,,,,,,,,,,
I gesucristi,81,140,77,,,,,,,,,,
drip drip drip il tuo papa √® pieno di slim,78,140,77,,,,,,,,,,
Diavoli,68,140,77,,,,,,,,,,
Francis Delacroix,78,140,77,,,,,,,,,,
I gesucristiani,81,140,77,,,,,,,,,,
JobPope,84,140,77,,,,,,,,,,
_nick1109_,84,140,77,,,,,,,,,,
Papaconci,82,140,77,,,,,,,,,,
8avio,88,140,77,,,,,,,,,,
giotondi ,85,140,77,,,,,,,,,,
Esmy,83,140,77,,,,,,,,,,
Fleming33,83,140,77,,,,,,,,,,
Caterina Maria,80,140,77,,,,,,,,,,
papessa claudia I ,77,140,77,,,,,,,,,,
leone XII,70,140,77,,,,,,,,,,
abemus papa,92,140,77,,,,,,,,,,
bennymera,71,140,77,,,,,,,,,,
Bastianus Vaticani,87,140,77,,,,,,,,,,
Dami11,82,140,77,,,,,,,,,,
Hirisia,78,140,77,,,,,,,,,,
Piturafreska,82,140,77,,,,,,,,,,
Valentinho,79,140,77,,,,,,,,,,
Papalini,79,140,77,,,,,,,,,,
ophelia,93,140,77,,,,,,,,,,
Lautaro I,85,140,77,,,,,,,,,,
Tode Edot,75,140,77,,,,,,,,,,
Erichellaforpope,94,135,78,,,,,,,,,,
Daniela___,80,135,78,,,,,,,,,,
Pappa Papale,83,135,78,,,,,,,,,,
Borussia Papam,84,135,78,,,,,,,,,,
Cardinale Orson,95,135,78,,,,,,,,,,
Ari,82,135,78,,,,,,,,,,
Papaguard,92,135,78,,,,,,,,,,
Papi,91,135,78,,,,,,,,,,
PapaPizzaXI,95,135,78,,,,,,,,,,
Aleseddaa,79,135,78,,,,,,,,,,
EroRimastaAPapalina,88,135,78,,,,,,,,,,
Papumbo 2,94,135,78,,,,,,,,,,
Debby87b,94,135,78,,,,,,,,,,
Alelulu,92,135,78,,,,,,,,,,
LaBadessa,86,135,78,,,,,,,,,,
Exnovo16,84,135,78,,,,,,,,,,
peppepic,68,135,78,,,,,,,,,,
GoDara,96,135,78,,,,,,,,,,
Reg,86,135,78,,,,,,,,,,
Exodus,97,135,78,,,,,,,,,,
sambuuuuuu,80,135,78,,,,,,,,,,
Uncle_silo,96,135,78,,,,,,,,,,
SuperPapalina,94,135,78,,,,,,,,,,
habemussara,87,135,78,,,,,,,,,,
Habemus la Papessa Viola,96,135,78,,,,,,,,,,
Bananajo,96,135,78,,,,,,,,,,
IlFlavioPapale,76,135,78,,,,,,,,,,
Mary01,87,135,78,,,,,,,,,,
Benny,81,135,78,,,,,,,,,,
FantaPenc,90,130,79,,,,,,,,,,
Marta,98,130,79,,,,,,,,,,
Nostradamus,98,130,79,,,,,,,,,,
papessa_aurora,100,130,79,,,,,,,,,,
Balsamone,103,130,,,,,,,,,,,
2k25lafine,98,130,79,,,,,,,,,,
Pardula,98,130,79,,,,,,,,,,
Giulio p,100,130,79,,,,,,,,,,
Lilire,102,130,,,,,,,,,,,
PapaV,96,130,79,,,,,,,,,,
tantafede,86,130,79,,,,,,,,,,
Habemus Papam,82,130,79,,,,,,,,,,
mimil√π,96,130,79,,,,,,,,,,
Santa Tata,94,130,79,,,,,,,,,,
Sapienzaa,99,130,79,,,,,,,,,,
MadreNoemi,103,130,,,,,,,,,,,
PeppeRusso,105,130,,,,,,,,,,,
Papa Sisto VI,94,130,79,,,,,,,,,,
La_serenuzz,70,130,79,,,,,,,,,,
nad510,102,130,,,,,,,,,,,
Ape Regina,86,130,79,,,,,,,,,,
Mamas&papas,101,130,,,,,,,,,,,
Totta,81,130,79,,,,,,,,,,
Lamessa√®finitandateinpace,76,130,79,,,,,,,,,,
Anns ,88,130,79,,,,,,,,,,
anns ,78,130,79,,,,,,,,,,
COSTYY,88,130,79,,,,,,,,,,
GreBenny,85,130,79,,,,,,,,,,
maa.aria_,81,130,79,,,,,,,,,,
alesborto,75,130,79,,,,,,,,,,
Blueyes97,75,130,79,,,,,,,,,,
auro,74,130,79,,,,,,,,,,
La Papessa,76,130,79,,,,,,,,,,
glorious,75,130,79,,,,,,,,,,
Culiconclave,76,130,79,,,,,,,,,,
Rtm,106,130,,,,,,,,,,,
Cicciapasticcia,79,130,79,,,,,,,,,,
Habemus Contrattus,81,130,79,,,,,,,,,,
Santa Beatrice protettrice dei cavallini e delle mini caprette,84,130,79,,,,,,,,,,
Uh mamma mj,81,130,79,,,,,,,,,,
iitsgia,77,130,79,,,,,,,,,,
Lumy,76,130,79,,,,,,,,,,
Skizzo975,102,130,,,,,,,,,,,
Beav.z,80,130,79,,,,,,,,,,
VeranoZombie11,92,125,80,,,,,,,,,,
Papalina,78,125,80,,,,,,,,,,
Vikytagliafichi ,96,125,80,,,,,,,,,,
AlzioXI,92,125,80,,,,,,,,,,
VictoriaSiat ,83,125,80,,,,,,,,,,
Mauritius Primus,65,125,80,,,,,,,,,,
Clara280301,72,125,80,,,,,,,,,,
Val_eria9855 ,81,125,80,,,,,,,,,,
Lorenza,96,125,80,,,,,,,,,,
Parolinpapaalealeee,92,125,80,,,,,,,,,,
Monnalulla,86,125,80,,,,,,,,,,
Antohr,98,125,80,,,,,,,,,,
edolardo,83,125,80,,,,,,,,,,
Stefano1390,87,125,80,,,,,,,,,,
Mari,76,125,80,,,,,,,,,,
The CONCLAV,97,125,80,,,,,,,,,,
Achille_idol,90,125,80,,,,,,,,,,
MaryOnACross,93,125,80,,,,,,,,,,
galluccio,92,125,80,,,,,,,,,,
Vale,100,120,81,,,,,,,,,,
Safecla,77,120,81,,,,,,,,,,
Rito,89,120,81,,,,,,,,,,
The Shashi Pope ,88,120,81,,,,,,,,,,
PapaBilly,92,120,81,,,,,,,,,,
desy,84,120,81,,,,,,,,,,
Schiarini,86,120,81,,,,,,,,,,
Francesca ,86,120,81,,,,,,,,,,
Isapizzaferma,80,120,81,,,,,,,,,,
lospamdellamicky,87,120,81,,,,,,,,,,
Bonfottini,88,120,81,,,,,,,,,,
Biagio,78,120,81,,,,,,,,,,
MirianaLB ,77,120,81,,,,,,,,,,
habemus papam,85,120,81,,,,,,,,,,
Viv1234567,87,120,81,,,,,,,,,,
Pizzaballa üíô,92,120,81,,,,,,,,,,
mypopesnameisfrensis,89,120,81,,,,,,,,,,
Tonynocera90,90,120,81,,,,,,,,,,
Papaboy,91,120,81,,,,,,,,,,
ConPapam,86,120,81,,,,,,,,,,
Pablo,84,120,81,,,,,,,,,,
ConclavinE,78,120,81,,,,,,,,,,
Dadolf,78,120,81,,,,,,,,,,
Oraziomanzo2004,98,120,81,,,,,,,,,,
Conclaviful,89,120,81,,,,,,,,,,
TinaTeam ,74,120,81,,,,,,,,,,
Giiu,89,120,81,,,,,,,,,,
mirkessa,84,120,81,,,,,,,,,,
tobio,94,120,81,,,,,,,,,,
Nix_,74,120,81,,,,,,,,,,
Nix,74,120,81,,,,,,,,,,
Asmodeus10,86,120,81,,,,,,,,,,
Ali.ciarlaa,79,120,81,,,,,,,,,,
Papessa,84,120,81,,,,,,,,,,
Lucaaaaa,72,120,81,,,,,,,,,,
Bab500,86,120,81,,,,,,,,,,
arii,84,120,81,,,,,,,,,,
Suorramata,86,115,82,,,,,,,,,,
Rayaaron,83,115,82,,,,,,,,,,
Ligasar ,66,115,82,,,,,,,,,,
Draga,82,115,82,,,,,,,,,,
Giaci,89,115,82,,,,,,,,,,
lascottiii,68,115,82,,,,,,,,,,
Penn,93,115,82,,,,,,,,,,
ERDISTE07,87,115,82,,,,,,,,,,
Alee,86,115,82,,,,,,,,,,
ChiaraMa,81,115,82,,,,,,,,,,
ScarletBitch,81,115,82,,,,,,,,,,
Holylucrezzzzzz,87,115,82,,,,,,,,,,
Vixpie,88,115,82,,,,,,,,,,
Ricky97,84,115,82,,,,,,,,,,
Papavalentina,85,115,82,,,,,,,,,,
Laura,76,115,82,,,,,,,,,,
Fantapapa,80,115,82,,,,,,,,,,
Men with fancy dresses,84,115,82,,,,,,,,,,
Pia01,85,115,82,,,,,,,,,,
Chiaibi,73,115,82,,,,,,,,,,
Il Nazionale ,87,115,82,,,,,,,,,,
Fantapapa,80,115,82,,,,,,,,,,
SantaFederica89,90,115,82,,,,,,,,,,
LaBusii,88,115,82,,,,,,,,,,
Er pApone,75,115,82,,,,,,,,,,
VIANDANTE,85,115,82,,,,,,,,,,
leticleme,71,115,82,,,,,,,,,,
Papa-razzy,84,115,82,,,,,,,,,,
Papadamus,89,115,82,,,,,,,,,,
AbenusAmbro,89,115,82,,,,,,,,,,
Ciuffi,96,115,82,,,,,,,,,,
Alessandro,76,115,82,,,,,,,,,,
Antonio_phony,94,115,82,,,,,,,,,,
Supermamma,91,110,83,,,,,,,,,,
Ale,80,110,83,,,,,,,,,,
TONY C,80,110,83,,,,,,,,,,
Papa Leo Rocco,88,110,83,,,,,,,,,,
Kate,89,110,83,,,,,,,,,,
Noemina11,81,110,83,,,,,,,,,,
ele,87,110,83,,,,,,,,,,
SugarPapa,88,110,83,,,,,,,,,,
papa papabile :),97,110,83,,,,,,,,,,
la_papamobile,93,110,83,,,,,,,,,,
La Lumaca di Corleone ,82,110,83,,,,,,,,,,
Padre Maronno,75,110,83,,,,,,,,,,
Kate,85,110,83,,,,,,,,,,
AnnaeMike,87,110,83,,,,,,,,,,
Pattyficazione,85,110,83,,,,,,,,,,
Santa Valeria Squad ,82,110,83,,,,,,,,,,
Elenuccc,79,110,83,,,,,,,,,,
Annaaa,95,110,83,,,,,,,,,,
Papa Roach ,93,110,83,,,,,,,,,,
VicenzaPioX,88,110,83,,,,,,,,,,
Zuppi gang,81,110,83,,,,,,,,,,
Caroluzza,88,110,83,,,,,,,,,,
Peccatoriginale,91,110,83,,,,,,,,,,
Cookie_2060,88,110,83,,,,,,,,,,
Sant‚ÄôIreneo,91,110,83,,,,,,,,,,
Sissinger ,94,110,83,,,,,,,,,,
Maktiv1,90,110,83,,,,,,,,,,
Silviay,88,110,83,,,,,,,,,,
Xsinaa,82,110,83,,,,,,,,,,
The Poppe,88,110,83,,,,,,,,,,
Ste95,73,110,83,,,,,,,,,,
Luci27,97,110,83,,,,,,,,,,
EDB,90,110,83,,,,,,,,,,
vogliamo tagle ,93,110,83,,,,,,,,,,
Festinalente,78,110,83,,,,,,,,,,
cardinale lawrence,87,110,83,,,,,,,,,,
Santa Laura,96,110,83,,,,,,,,,,
papav,81,110,83,,,,,,,,,,
OirelavOnrelas,90,110,83,,,,,,,,,,
EkaRugg95,93,110,83,,,,,,,,,,
Filangelo,80,110,83,,,,,,,,,,
bebbixxx,86,110,83,,,,,,,,,,
Mimi24,78,110,83,,,,,,,,,,
Mss01,80,110,83,,,,,,,,,,
PapaRottoPrimo,85,110,83,,,,,,,,,,
PapaManta,83,110,83,,,,,,,,,,
ele bev,75,110,83,,,,,,,,,,
Polvere,93,110,83,,,,,,,,,,
Unicorno667,90,110,83,,,,,,,,,,
LaBimbadiRatzi ,90,110,83,,,,,,,,,,
SaraPisciz,92,110,83,,,,,,,,,,
Il camerlengo,91,110,83,,,,,,,,,,
Mela team üçéüêç,78,110,83,,,,,,,,,,
Ginevra,78,110,83,,,,,,,,,,
CardinaleCatans ,85,110,83,,,,,,,,,,
papessa_anna,84,110,83,,,,,,,,,,
PapAle,92,110,83,,,,,,,,,,
cardinal_alba,86,110,83,,,,,,,,,,
Habemus Papa,93,110,83,,,,,,,,,,
JJ rocket slay,89,110,83,,,,,,,,,,
saramanfredi,96,110,83,,,,,,,,,,
MatteCando,98,110,83,,,,,,,,,,
SlayPopes,89,110,83,,,,,,,,,,
Eds,92,110,83,,,,,,,,,,
eugenia,96,110,83,,,,,,,,,,
PapaDuva,79,110,83,,,,,,,,,,
reb_@,88,110,83,,,,,,,,,,
Papadontpreach,92,110,83,,,,,,,,,,
tina_numerouno,95,110,83,,,,,,,,,,
milosborozan,72,110,83,,,,,,,,,,
Paolo XIV,87,110,83,,,,,,,,,,
PASO,90,110,83,,,,,,,,,,
LaPapalina,82,110,83,,,,,,,,,,
PapiPapabili PapabiliPapi,82,110,83,,,,,,,,,,
KambarDiva,90,110,83,,,,,,,,,,
Fra_95,82,110,83,,,,,,,,,,
Habemus Papabili,92,110,83,,,,,,,,,,
Purple to White,96,110,83,,,,,,,,,,
sissi,84,110,83,,,,,,,,,,
Vivaaapapiii,85,110,83,,,,,,,,,,
Alessiogay,78,110,83,,,,,,,,,,
desisfresh,88,110,83,,,,,,,,,,
dannag504,84,110,83,,,,,,,,,,
alepintonn,91,110,83,,,,,,,,,,
Pizza&Balla,79,110,83,,,,,,,,,,
Mantola,78,110,83,,,,,,,,,,
Aless,89,110,83,,,,,,,,,,
Chiara-,78,110,83,,,,,,,,,,
Sant'Expo,86,110,83,,,,,,,,,,
Simogui8,86,110,83,,,,,,,,,,
LasNiko,80,110,83,,,,,,,,,,
Six,90,110,83,,,,,,,,,,
Rebecca,79,110,83,,,,,,,,,,
giulsszz,90,110,83,,,,,,,,,,
Papa Lina,78,110,83,,,,,,,,,,
santacarri,68,110,83,,,,,,,,,,
Elisa97@,72,110,83,,,,,,,,,,
Papapeppe,85,110,83,,,,,,,,,,
Papa Benito,79,110,83,,,,,,,,,,
Angi,79,110,83,,,,,,,,,,
Papa o non papa,94,105,84,,,,,,,,,,
Myrskyla,94,105,84,,,,,,,,,,
Giadina,80,105,84,,,,,,,,,,
Papato liberal-conservatore ,93,105,84,,,,,,,,,,
suor marta ,94,105,84,,,,,,,,,,
chia15,90,105,84,,,,,,,,,,
Miky81,80,105,84,,,,,,,,,,
2^ Luca,88,105,84,,,,,,,,,,
Falcon,83,105,84,,,,,,,,,,
Raffy25!!,74,105,84,,,,,,,,,,
teaa,90,105,84,,,,,,,,,,
Lisaz ,93,105,84,,,,,,,,,,
arigiana,86,105,84,,,,,,,,,,
Lillo,92,105,84,,,,,,,,,,
Gabri_07,84,105,84,,,,,,,,,,
iamnicolec,91,105,84,,,,,,,,,,
ross.marino02 ,87,105,84,,,,,,,,,,
Papaoutai,85,105,84,,,,,,,,,,
CheLePiagheDelSignore,83,105,84,,,,,,,,,,
Malleusmaleficarum982,99,105,84,,,,,,,,,,
Malleusmaleficarum982,99,105,84,,,,,,,,,,
Micc,87,105,84,,,,,,,,,,
Ladypizzaballa,87,105,84,,,,,,,,,,
BonifaccioVIII,88,105,84,,,,,,,,,,
papa waigo,90,105,84,,,,,,,,,,
Chierichetto1998,86,105,84,,,,,,,,,,
papav,90,105,84,,,,,,,,,,
Soso14,74,105,84,,,,,,,,,,
Monaca di Monza,93,105,84,,,,,,,,,,
Fralaica,89,105,84,,,,,,,,,,
toni,94,105,84,,,,,,,,,,
Gino098,79,105,84,,,,,,,,,,
pioemo,91,105,84,,,,,,,,,,
PapaMella,80,105,84,,,,,,,,,,
Martuzzz,94,105,84,,,,,,,,,,
Papeete,93,105,84,,,,,,,,,,
Salvo ,81,105,84,,,,,,,,,,
Lavidalore,93,105,84,,,,,,,,,,
Papalina ,90,105,84,,,,,,,,,,
LaPapessa,92,105,84,,,,,,,,,,
elili,97,105,84,,,,,,,,,,
JuLs,88,105,84,,,,,,,,,,
EvvivaGesuu762,88,105,84,,,,,,,,,,
Martina.papa,82,105,84,,,,,,,,,,
Suor Annatem√†,95,105,84,,,,,,,,,,
ludaaa,88,105,84,,,,,,,,,,
domus iulia ,91,105,84,,,,,,,,,,
Papa-razzi,88,105,84,,,,,,,,,,
Jojoteam,86,105,84,,,,,,,,,,
Perpetua,90,105,84,,,,,,,,,,
eternagloria,87,105,84,,,,,,,,,,
DeusVult,95,105,84,,,,,,,,,,
meri29,97,105,84,,,,,,,,,,
Mary,90,105,84,,,,,,,,,,
Papatoph,84,105,84,,,,,,,,,,
Psilocibina,88,105,84,,,,,,,,,,
La Papessa,90,105,84,,,,,,,,,,
Defix,94,105,84,,,,,,,,,,
Bart,99,105,84,,,,,,,,,,
suor rossana ,80,105,84,,,,,,,,,,
papaninah,91,105,84,,,,,,,,,,
nomedivertente,94,105,84,,,,,,,,,,
LaSantaMessa ,96,105,84,,,,,,,,,,
auro,97,105,84,,,,,,,,,,
Papa Franci,90,105,84,,,,,,,,,,
Framartinocampanaro,99,105,84,,,,,,,,,,
Postfrancisco,86,105,84,,,,,,,,,,
Gattolicesimo,89,105,84,,,,,,,,,,
VanessAxl,79,105,84,,,,,,,,,,
emmphetamine,96,105,84,,,,,,,,,,
KookiePapa,91,105,84,,,,,,,,,,
Mick73,98,105,84,,,,,,,,,,
CONCLARAH,93,105,84,,,,,,,,,,
fonta40065,92,105,84,,,,,,,,,,
LucaRizz,88,105,84,,,,,,,,,,
Arnoldspazzanewer,95,105,84,,,,,,,,,,
barbiecapobranco,87,105,84,,,,,,,,,,
Mapi12,88,105,84,,,,,,,,,,
SuorEsaurita,93,105,84,,,,,,,,,,
mea.0,93,105,84,,,,,,,,,,
Engi,91,105,84,,,,,,,,,,
Iresanta,88,105,84,,,,,,,,,,
giovannaconclave,93,105,84,,,,,,,,,,
PAPArazzi25_,95,105,84,,,,,,,,,,
FantaLu,92,105,84,,,,,,,,,,
Levy,97,105,84,,,,,,,,,,
Papabili di Maddy,95,105,84,,,,,,,,,,
ale,94,105,84,,,,,,,,,,
PAPAlection,74,105,84,,,,,,,,,,
Habemus,84,105,84,,,,,,,,,,
Tanchiaric,104,105,,,,,,,,,,,
Mary123,102,105,,,,,,,,,,,
ccaro,77,105,84,,,,,,,,,,
perapapa,93,105,84,,,,,,,,,,
Giafra,90,105,84,,,,,,,,,,
AteoConclamato78,97,105,84,,,,,,,,,,
asdrubale49,88,105,84,,,,,,,,,,
mirivall,95,105,84,,,,,,,,,,
ledina,78,105,84,,,,,,,,,,
alemerlu,94,105,84,,,,,,,,,,
PapaMobile,82,105,84,,,,,,,,,,
Poparta,88,105,84,,,,,,,,,,
Dario Hubner,80,105,84,,,,,,,,,,
tripp,87,105,84,,,,,,,,,,
Si üßπ ogni morta di papa,86,105,84,,,,,,,,,,
San Crispino... Ah ma √® Ronco!,88,105,84,,,,,,,,,,
Bytes I,78,105,84,,,,,,,,,,
Auri_Gilmore,91,105,84,,,,,,,,,,
suorcristina,94,105,84,,,,,,,,,,
Cardinal Copia,90,105,84,,,,,,,,,,
engibengi,76,105,84,,,,,,,,,,
Emmas,88,105,84,,,,,,,,,,
milk,90,105,84,,,,,,,,,,
Giodeth ,88,105,84,,,,,,,,,,
Ave cesare,98,105,84,,,,,,,,,,
Ale,84,105,84,,,,,,,,,,
zuppiioscelgote ,93,105,84,,,,,,,,,,
Gaebatt40,83,105,84,,,,,,,,,,
Antonio_phony,92,105,84,,,,,,,,,,
torome,88,105,84,,,,,,,,,,
Jackie,95,105,84,,,,,,,,,,
Esselle,96,105,84,,,,,,,,,,
seree.c,83,105,84,,,,,,,,,,
ceciliaaaa,80,105,84,,,,,,,,,,
Jules R,77,105,84,,,,,,,,,,
papessa,82,105,84,,,,,,,,,,
zecchiformibus,80,105,84,,,,,,,,,,
cmq.giovanni,89,100,85,,,,,,,,,,
Valecighe,91,100,85,,,,,,,,,,
Elisa99bec,93,100,85,,,,,,,,,,
Papa Bile,90,100,85,,,,,,,,,,
iaia,84,100,85,,,,,,,,,,
Falco Levigato,77,100,85,,,,,,,,,,
miriona,86,100,85,,,,,,,,,,
Figaro180,77,100,85,,,,,,,,,,
Francesca,90,100,85,,,,,,,,,,
Fazzoscritti,90,100,85,,,,,,,,,,
Dopomissitaliaavremoilpapanero,89,100,85,,,,,,,,,,
FantaCami,87,100,85,,,,,,,,,,
GLI SCOMUNICATI ,102,100,,,,,,,,,,,
Saintmaryfromatri,83,100,85,,,,,,,,,,
Giuuusyfe,91,100,85,,,,,,,,,,
Leon,87,100,85,,,,,,,,,,
betta,81,100,85,,,,,,,,,,
Papachicca ,75,100,85,,,,,,,,,,
Pope,72,100,85,,,,,,,,,,
Selvy ,86,100,85,,,,,,,,,,
frull√¨ frull√†,78,100,85,,,,,,,,,,
LaPapessa92 ,86,100,85,,,,,,,,,,
Simo45,81,100,85,,,,,,,,,,
Paphouse,86,100,85,,,,,,,,,,
lessya,95,100,85,,,,,,,,,,
La regina del caff√® ,85,100,85,,,,,,,,,,
Jacopinik,81,100,85,,,,,,,,,,
Camerlengo di Domidossola,85,100,85,,,,,,,,,,
DonMatteoPapa,77,100,85,,,,,,,,,,
mejafantastica08,79,100,85,,,,,,,,,,
Lalla ,72,100,85,,,,,,,,,,
papaciccio,79,100,85,,,,,,,,,,
Dioprendimiconte,87,100,85,,,,,,,,,,
FantaFrancesca,97,100,85,,,,,,,,,,
Luigi,93,100,85,,,,,,,,,,
sara,84,100,85,,,,,,,,,,
Ursi ,92,100,85,,,,,,,,,,
Lalla ,85,100,85,,,,,,,,,,
lavish,86,100,85,,,,,,,,,,
Papessa,93,100,85,,,,,,,,,,
Mononoke ,79,100,85,,,,,,,,,,
giu.marra_,93,100,85,,,,,,,,,,
Sannita pazzo sgravato,78,100,85,,,,,,,,,,
LUCAONE17,102,100,,,,,,,,,,,
tomma,85,100,85,,,,,,,,,,
Camorion ,93,95,86,,,,,,,,,,
MadonneFC,94,95,86,,,,,,,,,,
Feles94,100,95,86,,,,,,,,,,
FNFrancy ,89,95,86,,,,,,,,,,
solis,95,95,86,,,,,,,,,,
PapaperPoppe,95,95,86,,,,,,,,,,
Mia,89,95,86,,,,,,,,,,
Pizzadancer,87,95,86,,,,,,,,,,
valerizzini,90,95,86,,,,,,,,,,
spazialecs,98,95,86,,,,,,,,,,
Suspa,80,95,86,,,,,,,,,,
Advictoriam,94,95,86,,,,,,,,,,
HABEMUS CAPA(M) ,86,95,86,,,,,,,,,,
OllyFrancisco,96,95,86,,,,,,,,,,
xxbrokendiamond,85,95,86,,,,,,,,,,
brunonettuno,83,95,86,,,,,,,,,,
Giuda ,93,95,86,,,,,,,,,,
FrancescooPontMax,93,95,86,,,,,,,,,,
Lapapessa,87,95,86,,,,,,,,,,
Lulu2003,87,95,86,,,,,,,,,,
mary,87,95,86,,,,,,,,,,
ELISA,96,95,86,,,,,,,,,,
TopOfThePopes,88,95,86,,,,,,,,,,
rori.conclave ,97,95,86,,,,,,,,,,
PapessaElla,73,95,86,,,,,,,,,,
I papabili ,90,95,86,,,,,,,,,,
Gigi D‚Äôalessio Papa,88,95,86,,,,,,,,,,
Chix_95,92,95,86,,,,,,,,,,
Pilu03,83,95,86,,,,,,,,,,
PesceNero_67,95,95,86,,,,,,,,,,
batman,97,95,86,,,,,,,,,,
saabrina,95,95,86,,,,,,,,,,
avepapa.gg,86,95,86,,,,,,,,,,
VOLPECLAVE,76,95,86,,,,,,,,,,
Ixe3110!,93,95,86,,,,,,,,,,
FranciscusSquad,88,95,86,,,,,,,,,,
Emy,102,95,,,,,,,,,,,
PapaSquad,86,95,86,,,,,,,,,,
Jexclave,95,95,86,,,,,,,,,,
ILCONCLAV ,87,95,86,,,,,,,,,,
Sofy,100,95,86,,,,,,,,,,
vvvii,92,95,86,,,,,,,,,,
Mony_brum,87,95,86,,,,,,,,,,
soofi,87,95,86,,,,,,,,,,
Zuppilove,87,95,86,,,,,,,,,,
Papa PioTutto,99,95,86,,,,,,,,,,
PapaSully94,97,95,86,,,,,,,,,,
Luchino,62,95,86,,,,,,,,,,
ValePapa,76,95,86,,,,,,,,,,
Zuppistan,87,95,86,,,,,,,,,,
PappaPureVodka,63,95,86,,,,,,,,,,
Betulla11,84,95,86,,,,,,,,,,
ErosCaputMundi,95,95,86,,,,,,,,,,
Benve,91,95,86,,,,,,,,,,
La Papessa,88,95,86,,,,,,,,,,
fumata mystica ,97,95,86,,,,,,,,,,
Sar√†santoloso,61,95,86,,,,,,,,,,
Rimodes,94,95,86,,,,,,,,,,
padre spranga,98,95,86,,,,,,,,,,
Sua Emilenza,76,95,86,,,,,,,,,,
ABEMUS PAPA,79,95,86,,,,,,,,,,
EliGio,83,95,86,,,,,,,,,,
Lalla2005,77,95,86,,,,,,,,,,
Glbnclz,78,95,86,,,,,,,,,,
SillyThings,83,90,87,,,,,,,,,,
Minions,82,90,87,,,,,,,,,,
Mari,59,90,87,,,,,,,,,,
labimbadelsarah,72,90,87,,,,,,,,,,
KutnoPowers,72,90,87,,,,,,,,,,
Papa Vero da oppio (dei popoli),80,90,87,,,,,,,,,,
Auriz,83,90,87,,,,,,,,,,
Panta Rhei,78,90,87,,,,,,,,,,
Giammy,78,90,87,,,,,,,,,,
Chiara,86,90,87,,,,,,,,,,
vogliounmartini04,86,90,87,,,,,,,,,,
Robb√®,70,90,87,,,,,,,,,,
Sawyy,77,90,87,,,,,,,,,,
Gira99,78,90,87,,,,,,,,,,
Papa Boys,85,90,87,,,,,,,,,,
Amenalexa,71,90,87,,,,,,,,,,
Dudy,62,90,87,,,,,,,,,,
Lalagghi,83,90,87,,,,,,,,,,
Roberto3989,78,90,87,,,,,,,,,,
Polla,68,90,87,,,,,,,,,,
Papa Leonello Gran Bordello,82,90,87,,,,,,,,,,
Papa Reto I,74,90,87,,,,,,,,,,
Don De Jesus,86,90,87,,,,,,,,,,
Flaffo,89,90,87,,,,,,,,,,
BimbiBelli,63,90,87,,,,,,,,,,
Papa Yuri I,83,90,87,,,,,,,,,,
K3ndra,75,90,87,,,,,,,,,,
XI secolo,77,90,87,,,,,,,,,,
Aut Caesar aut nihil,81,90,87,,,,,,,,,,
Saarastro ,84,90,87,,,,,,,,,,
Tiaiaiaohh,97,85,88,,,,,,,,,,
Papa susillo,73,85,88,,,,,,,,,,
Cardinal Immortalis,86,85,88,,,,,,,,,,
AnnaPont ,83,85,88,,,,,,,,,,
Beuz55,83,85,88,,,,,,,,,,
Leesa18,74,85,88,,,,,,,,,,
Zeusolimpus97 ,84,85,88,,,,,,,,,,
mimi,74,85,88,,,,,,,,,,
Mattietoe,91,85,88,,,,,,,,,,
Zabubu,73,85,88,,,,,,,,,,
Anto87xx,74,85,88,,,,,,,,,,
ARI,62,85,88,,,,,,,,,,
GianlucaMz,78,80,89,,,,,,,,,,
ali,82,80,89,,,,,,,,,,
Akuma.90,72,80,89,,,,,,,,,,
Clelia,68,80,89,,,,,,,,,,
Conclav-girl,80,80,89,,,,,,,,,,
Chiaraodolini,76,80,89,,,,,,,,,,
habemus_prr_prr_patapim,79,80,89,,,,,,,,,,
MoniaOhana,68,80,89,,,,,,,,,,
G.Grace.05,80,80,89,,,,,,,,,,
sm4lls,80,80,89,,,,,,,,,,
chiarett,70,80,89,,,,,,,,,,
Elenabro,77,80,89,,,,,,,,,,
Irene123,73,80,89,,,,,,,,,,
Maruska87 ,74,80,89,,,,,,,,,,
Marty Missssstero,67,80,89,,,,,,,,,,
Enzo,86,80,89,,,,,,,,,,
Whosthenext,78,80,89,,,,,,,,,,
Elenaaaa,70,80,89,,,,,,,,,,
Eminenza reverendissima,70,80,89,,,,,,,,,,
vitorotondo,79,80,89,,,,,,,,,,
capocchien ,71,80,89,,,,,,,,,,
cesca,72,80,89,,,,,,,,,,
F√®,76,80,89,,,,,,,,,,
The Shashi Pope,81,80,89,,,,,,,,,,
Wale1991,86,80,89,,,,,,,,,,
Real Madre Teresa ,79,80,89,,,,,,,,,,
SimoSan,68,80,89,,,,,,,,,,
CaitKir,77,80,89,,,,,,,,,,
martiinaa,76,80,89,,,,,,,,,,
irene2584,74,80,89,,,,,,,,,,
SimoMiao,71,80,89,,,,,,,,,,
lelepapa,71,80,89,,,,,,,,,,
Simone III,72,80,89,,,,,,,,,,
Parolino,68,80,89,,,,,,,,,,
Alebz1991,71,80,89,,,,,,,,,,
BonifacioRabbioso,76,80,89,,,,,,,,,,
Havemus papa o no,75,80,89,,,,,,,,,,
Gloy Santer,82,80,89,,,,,,,,,,
Santa Alessia da quel paese,78,80,89,,,,,,,,,,
Papicedu 2025,68,80,89,,,,,,,,,,
Ziopino ,65,80,89,,,,,,,,,,
popearigato,78,80,89,,,,,,,,,,
Ale1109,63,80,89,,,,,,,,,,
Aulee,75,80,89,,,,,,,,,,
fantapapa,77,80,89,,,,,,,,,,
Angelica Sofia,75,80,89,,,,,,,,,,
Eddy Papi Chulo,78,80,89,,,,,,,,,,
Maverik87,62,80,89,,,,,,,,,,
Zefiro ,81,80,89,,,,,,,,,,
Asagaia,75,80,89,,,,,,,,,,
Il Capopriore,80,80,89,,,,,,,,,,
Luomoragnopaposo,77,80,89,,,,,,,,,,
nonlosociao123,73,80,89,,,,,,,,,,
LeoTamagno,75,80,89,,,,,,,,,,
Gi√π,65,80,89,,,,,,,,,,
saraforPope,80,75,90,,,,,,,,,,
Santitutti,90,75,90,,,,,,,,,,
Sacrumprofanum01,88,75,90,,,,,,,,,,
Next generation,83,75,90,,,,,,,,,,
Cumclave,79,75,90,,,,,,,,,,
Il papabile,92,75,90,,,,,,,,,,
Sorella Wally,75,75,90,,,,,,,,,,
GiovaFrancy25,89,75,90,,,,,,,,,,
GiovaFrancy25,89,75,90,,,,,,,,,,
Extraomnes,87,75,90,,,,,,,,,,
Palisapa99,95,75,90,,,,,,,,,,
Jessitempest ,86,75,90,,,,,,,,,,
Rtm3hecewd,86,75,90,,,,,,,,,,
Ale,74,75,90,,,,,,,,,,
VAMOSZUPPI,79,75,90,,,,,,,,,,
stefycocchy,79,75,90,,,,,,,,,,
Ziaromy,77,75,90,,,,,,,,,,
Buffy,74,75,90,,,,,,,,,,
papav,81,75,90,,,,,,,,,,
SbuPope,77,75,90,,,,,,,,,,
Greg,77,75,90,,,,,,,,,,
LenorePope,74,75,90,,,,,,,,,,
PioUno,80,75,90,,,,,,,,,,
PapaRazzi,85,75,90,,,,,,,,,,
PioUno,80,75,90,,,,,,,,,,
HabemusPapessa,76,75,90,,,,,,,,,,
Chiaradinosauro,84,75,90,,,,,,,,,,
Mariluna92,86,75,90,,,,,,,,,,
Vaffanlave,82,75,90,,,,,,,,,,
Santa Noemi ,81,75,90,,,,,,,,,,
Rassinam Papam,92,75,90,,,,,,,,,,
Shin Kurogane,71,75,90,,,,,,,,,,
CARDINAL UNITED ,84,75,90,,,,,,,,,,
habiminuspapi,81,75,90,,,,,,,,,,
Happyshalala94,81,75,90,,,,,,,,,,
alev,86,75,90,,,,,,,,,,
zuppiere,71,75,90,,,,,,,,,,
SfumataNera,93,75,90,,,,,,,,,,
FelixLeo97,77,75,90,,,,,,,,,,
Rcoma99,76,75,90,,,,,,,,,,
Maria Estuaria 1985,77,75,90,,,,,,,,,,
papanero,81,75,90,,,,,,,,,,
ClaudioF2014,95,75,90,,,,,,,,,,
emimargot,75,75,90,,,,,,,,,,
VanTati,79,75,90,,,,,,,,,,
Panico,77,75,90,,,,,,,,,,
Sballacchino,70,75,90,,,,,,,,,,
lalanciaflavia,80,75,90,,,,,,,,,,
bimbaditagle69,81,75,90,,,,,,,,,,
Mareeo,78,75,90,,,,,,,,,,
Shun,82,75,90,,,,,,,,,,
Colle58,87,75,90,,,,,,,,,,
leti atzeni ,82,75,90,,,,,,,,,,
Papa Ramon I,81,75,90,,,,,,,,,,
WHOISTHISDIVAE,79,75,90,,,,,,,,,,
Fumata Nera,81,75,90,,,,,,,,,,
asiadep ,89,75,90,,,,,,,,,,
TeoDoraL‚ÄôEsploratrice,77,75,90,,,,,,,,,,
Pap√† Sidero,85,75,90,,,,,,,,,,
Papapapappero,83,75,90,,,,,,,,,,
Nat21,72,75,90,,,,,,,,,,
mems,75,75,90,,,,,,,,,,
arpasuonata,72,75,90,,,,,,,,,,
Chiaracon,73,75,90,,,,,,,,,,
cadi.giu,83,75,90,,,,,,,,,,
Tristiano&Isotta,74,75,90,,,,,,,,,,
mich.elle,81,75,90,,,,,,,,,,
vichi.riva,78,75,90,,,,,,,,,,
Pita,84,75,90,,,,,,,,,,
Valesof√¨,76,75,90,,,,,,,,,,
Fede in me ,70,75,90,,,,,,,,,,
Letizia,65,75,90,,,,,,,,,,
elena29,76,75,90,,,,,,,,,,
LaPapabile89,88,75,90,,,,,,,,,,
Francis,75,75,90,,,,,,,,,,
saby,78,75,90,,,,,,,,,,
Lauretta,81,75,90,,,,,,,,,,
Agnesepov,91,75,90,,,,,,,,,,
diocane,85,75,90,,,,,,,,,,
frafra,77,75,90,,,,,,,,,,
Paride97,79,75,90,,,,,,,,,,
Rora,73,75,90,,,,,,,,,,
robertal,72,75,90,,,,,,,,,,
costaaale,74,75,90,,,,,,,,,,
papAle,75,75,90,,,,,,,,,,
Elsa regina di Arendelle,79,75,90,,,,,,,,,,
Prongs,70,75,90,,,,,,,,,,
Pit84,75,75,90,,,,,,,,,,
lastpope26,85,75,90,,,,,,,,,,
Sebastiano Fame Di Libri,78,75,90,,,,,,,,,,
PIPLUP,85,75,90,,,,,,,,,,
Santa Martina da Messina ,87,75,90,,,,,,,,,,
Papy Francy,70,75,90,,,,,,,,,,
fessanonpapessa,75,75,90,,,,,,,,,,
Sofy,75,75,90,,,,,,,,,,
coco,91,75,90,,,,,,,,,,
Rosyesaurita,86,75,90,,,,,,,,,,
Vatican88,75,75,90,,,,,,,,,,
Arianna,75,75,90,,,,,,,,,,
Clarissa.p,78,75,90,,,,,,,,,,
lafranciss,74,75,90,,,,,,,,,,
Purple to White,85,75,90,,,,,,,,,,
Catyüåª,76,75,90,,,,,,,,,,
clarybetlemme ,86,75,90,,,,,,,,,,
CamiPapa,88,75,90,,,,,,,,,,
asia,80,75,90,,,,,,,,,,
LetyG,85,75,90,,,,,,,,,,
Elenarosa007,80,75,90,,,,,,,,,,
new papaüí™üèæ,85,75,90,,,,,,,,,,
beuz,89,75,90,,,,,,,,,,
Wendy,87,75,90,,,,,,,,,,
rafel,72,75,90,,,,,,,,,,
PAPArazzi,74,75,90,,,,,,,,,,
AlePerny,71,75,90,,,,,,,,,,
Sarina,80,75,90,,,,,,,,,,
Giaci,90,75,90,,,,,,,,,,
Cardinal Che Guevara,68,75,90,,,,,,,,,,
M.Universe‚ú®Ô∏è,88,75,90,,,,,,,,,,
BigMatteo,88,75,90,,,,,,,,,,
Samuele ,63,75,90,,,,,,,,,,
Pope Szymon ,92,75,90,,,,,,,,,,
Maticat,82,75,90,,,,,,,,,,
BukkinaFaso,76,75,90,,,,,,,,,,
Amplify your Pope,84,75,90,,,,,,,,,,
Eski,98,75,90,,,,,,,,,,
Giaci,90,75,90,,,,,,,,,,
bonni ,76,75,90,,,,,,,,,,
Sientopussadimierda,76,70,91,,,,,,,,,,
Sorella_Nina,73,70,91,,,,,,,,,,
Rumbo,79,70,91,,,,,,,,,,
Ele_Ackem4n,82,70,91,,,,,,,,,,
Martinz,75,70,91,,,,,,,,,,
capo69,75,70,91,,,,,,,,,,
Salamurayx,77,70,91,,,,,,,,,,
Marty,78,70,91,,,,,,,,,,
papa-razzi,77,70,91,,,,,,,,,,
okleftthe,79,70,91,,,,,,,,,,
PapaValery,83,70,91,,,,,,,,,,
Luchino,74,70,91,,,,,,,,,,
Gio-co,76,70,91,,,,,,,,,,
Alessiopapa,82,70,91,,,,,,,,,,
Chiaretondo ,81,70,91,,,,,,,,,,
FantaCane,73,70,91,,,,,,,,,,
MisteroDellaFedez,72,70,91,,,,,,,,,,
Buttate la chiave ,80,70,91,,,,,,,,,,
Osannaeh04,90,70,91,,,,,,,,,,
Grandesha,78,70,91,,,,,,,,,,
Mannaggia al clero,68,70,91,,,,,,,,,,
And,89,70,91,,,,,,,,,,
I papabili '25,66,70,91,,,,,,,,,,
IreneU,96,65,92,,,,,,,,,,
SantaMarta,90,65,92,,,,,,,,,,
papaantifascista,83,65,92,,,,,,,,,,
I patati con le papaline ,77,65,92,,,,,,,,,,
PapaLina,93,65,92,,,,,,,,,,
Ele.mua,81,65,92,,,,,,,,,,
Britzz99,67,65,92,,,,,,,,,,
giogio,83,65,92,,,,,,,,,,
chierichettaR,76,65,92,,,,,,,,,,
SACRO CUORE,89,65,92,,,,,,,,,,
Sono_giapponese,85,65,92,,,,,,,,,,
Sdc,90,65,92,,,,,,,,,,
papa-ntastici,88,65,92,,,,,,,,,,
PapaV,87,65,92,,,,,,,,,,
Le Miracolate,70,65,92,,,,,,,,,,
cutillomelachillo,66,65,92,,,,,,,,,,
ZankeG ,78,65,92,,,,,,,,,,
loris.chinca,75,65,92,,,,,,,,,,
Lapapa_lina,92,65,92,,,,,,,,,,
Jada,65,65,92,,,,,,,,,,
Gaggia19,82,65,92,,,,,,,,,,
Sarab,79,65,92,,,,,,,,,,
Vatimems,83,65,92,,,,,,,,,,
SuoraMango,65,65,92,,,,,,,,,,
Ariadne24,86,65,92,,,,,,,,,,
Wendy ,81,65,92,,,,,,,,,,
Riccardino,72,65,92,,,,,,,,,,
Giorgeen,79,65,92,,,,,,,,,,
PapaCortex,71,65,92,,,,,,,,,,
Beddy,80,65,92,,,,,,,,,,
Laura IX,78,65,92,,,,,,,,,,
PulaMea,57,65,92,,,,,,,,,,
Santale17,83,65,92,,,,,,,,,,
eliinvenice,66,65,92,,,,,,,,,,
GaiaG,74,65,92,,,,,,,,,,
mariasofia,72,65,92,,,,,,,,,,
ESN Roma Cattolica,81,65,92,,,,,,,,,,
Papao meravigliao,70,65,92,,,,,,,,,,
papanna,63,65,92,,,,,,,,,,
Io sono Fede,71,65,92,,,,,,,,,,
gallettoprime,88,65,92,,,,,,,,,,
capos,75,65,92,,,,,,,,,,
Orlandi V,74,65,92,,,,,,,,,,
papavadanoncincischi,92,65,92,,,,,,,,,,
Don Giovanni,85,65,92,,,,,,,,,,
LuMea,83,65,92,,,,,,,,,,
3ricasa,73,65,92,,,,,,,,,,
Bombombini gusini,77,65,92,,,,,,,,,,
Trallallero trallalla,71,65,92,,,,,,,,,,
HabemusPapam,85,65,92,,,,,,,,,,
ballerina cappucina,67,65,92,,,,,,,,,,
Beuccia,89,65,92,,,,,,,,,,
TATAPOPE,93,65,92,,,,,,,,,,
Santa Priscilla,75,65,92,,,,,,,,,,
isaa,78,65,92,,,,,,,,,,
DIOS ILLUMINAME ,76,65,92,,,,,,,,,,
coricati ,72,65,92,,,,,,,,,,
claudiettapolpetta,69,65,92,,,,,,,,,,
joli,63,65,92,,,,,,,,,,
LastHiru,80,65,92,,,,,,,,,,
Ame,85,65,92,,,,,,,,,,
 Marghe ,87,65,92,,,,,,,,,,
CruciFix Me,69,65,92,,,,,,,,,,
papalina,72,65,92,,,,,,,,,,
agnee_._,77,65,92,,,,,,,,,,
coleclave,64,65,92,,,,,,,,,,
Zanibrixio,89,65,92,,,,,,,,,,
Fantasanta,75,65,92,,,,,,,,,,
fra,90,65,92,,,,,,,,,,
L‚Äôinfermiera e il conclave,73,65,92,,,,,,,,,,
tacofritto ,81,65,92,,,,,,,,,,
EmmaPapessa,80,65,92,,,,,,,,,,
Kirako,68,65,92,,,,,,,,,,
maicols,73,65,92,,,,,,,,,,
fratm ciccio,73,65,92,,,,,,,,,,
j0nn18,84,65,92,,,,,,,,,,
Anna,81,65,92,,,,,,,,,,
Santa Gretuzza protettrice dei parcheggi,84,65,92,,,,,,,,,,
La papessa ,76,65,92,,,,,,,,,,
Bisc,86,65,92,,,,,,,,,,
verok,83,65,92,,,,,,,,,,
IK98,80,65,92,,,,,,,,,,
Nostradamus,73,65,92,,,,,,,,,,
cardinaleporco,75,65,92,,,,,,,,,,
3DPodcast,80,65,92,,,,,,,,,,
andreamangia,82,65,92,,,,,,,,,,
gabrielestella00,90,65,92,,,,,,,,,,
PAPAbile,78,65,92,,,,,,,,,,
gigivinello,77,65,92,,,,,,,,,,
Marty,80,65,92,,,,,,,,,,
Viva lo Spirito,71,60,93,,,,,,,,,,
Mar Tina,79,60,93,,,,,,,,,,
Yenni,73,60,93,,,,,,,,,,
PAPAPETO,75,55,94,,,,,,,,,,
Papa_al_pomodoro,71,55,94,,,,,,,,,,
Mitsui,92,55,94,,,,,,,,,,
LokoColombo,58,50,95,,,,,,,,,,
Cdm17,72,50,95,,,,,,,,,,
marghe,83,50,95,,,,,,,,,,
alyINF,80,50,95,,,,,,,,,,
BorgiaBoys,71,50,95,,,,,,,,,,
Memole-83,80,50,95,,,,,,,,,,
Salutavasempre,67,50,95,,,,,,,,,,
Kaos__02,80,50,95,,,,,,,,,,
CerriChurros,76,50,95,,,,,,,,,,
MandoILProfeta,69,45,96,,,,,,,,,,
Gino098,70,45,96,,,,,,,,,,
Fondente 100%,80,45,96,,,,,,,,,,
Glorieterna,63,45,96,,,,,,,,,,
Giu,80,45,96,,,,,,,,,,
lasuprema,77,45,96,,,,,,,,,,
Santa Sara,81,45,96,,,,,,,,,,
Papa Benno,74,45,96,,,,,,,,,,
Croce,64,45,96,,,,,,,,,,
Simo,79,45,96,,,,,,,,,,
Robfederico,79,45,96,,,,,,,,,,
mads237,70,45,96,,,,,,,,,,
Erkomico,81,45,96,,,,,,,,,,
Bernice ,72,45,96,,,,,,,,,,
Florecera ,78,45,96,,,,,,,,,,
Valentinapina ,70,45,96,,,,,,,,,,
Deus Vult,76,45,96,,,,,,,,,,
martyna.02,67,45,96,,,,,,,,,,
Papamela ,80,45,96,,,,,,,,,,
papa nicola,83,45,96,,,,,,,,,,
Vic‚Äôs ,75,45,96,,,,,,,,,,
ognimortedipapa,71,45,96,,,,,,,,,,
Debbyh,74,45,96,,,,,,,,,,
Fra_95,79,45,96,,,,,,,,,,
Svxk3r,75,45,96,,,,,,,,,,
Ostia e caff√® ,71,45,96,,,,,,,,,,
Cri123,65,45,96,,,,,,,,,,
Erpapabubo,82,45,96,,,,,,,,,,
emmiüôèüíØüòá,74,45,96,,,,,,,,,,
Papanero ,81,45,96,,,,,,,,,,
Tomino,68,45,96,,,,,,,,,,
Ubriachidiges√∫,82,45,96,,,,,,,,,,
Fra Casso,69,45,96,,,,,,,,,,
PituraFreskaProfeti ,71,45,96,,,,,,,,,,
valeantinapina ,78,45,96,,,,,,,,,,
Vu,62,45,96,,,,,,,,,,
MaiUnaGioia,108,40,,,,,,,,,,,
Lallyna89 ,62,40,97,,,,,,,,,,
raffis,87,40,97,,,,,,,,,,
Pio per culo ,72,40,97,,,,,,,,,,
Papessa,72,40,97,,,,,,,,,,
Tradmanontroppo,62,40,97,,,,,,,,,,
Papalina,80,40,97,,,,,,,,,,
Pat3ri,64,40,97,,,,,,,,,,
martydany,80,40,97,,,,,,,,,,
robbch,87,40,97,,,,,,,,,,
SantoPadel,75,40,97,,,,,,,,,,
Anto93,84,40,97,,,,,,,,,,
Rebbi16,66,40,97,,,,,,,,,,
giuggi,78,40,97,,,,,,,,,,
Papa Mobile,76,40,97,,,,,,,,,,
Prongs,77,40,97,,,,,,,,,,
Camerlenga nox ,78,40,97,,,,,,,,,,
Papa nero no,75,40,97,,,,,,,,,,
Telepapa,67,40,97,,,,,,,,,,
conchiara,90,40,97,,,,,,,,,,
DIOS LO SABES,86,40,97,,,,,,,,,,
Gregorio XVII,67,40,97,,,,,,,,,,
emma,68,40,97,,,,,,,,,,
santi,68,40,97,,,,,,,,,,
Le papesse,82,40,97,,,,,,,,,,
Cabron,81,40,97,,,,,,,,,,
Eli_theQueen,86,40,97,,,,,,,,,,
BBLPope,77,40,97,,,,,,,,,,
Gaby,85,40,97,,,,,,,,,,
hehe,78,40,97,,,,,,,,,,
Chiesa liberal-conservatrice,80,40,97,,,,,,,,,,
Holly non c'√® pi√π ,65,40,97,,,,,,,,,,
Bo,79,40,97,,,,,,,,,,
Nicoleeeee,77,40,97,,,,,,,,,,
Patata e salsiccia,70,40,97,,,,,,,,,,
Santomajores,71,40,97,,,,,,,,,,
Camerlengo91,71,40,97,,,,,,,,,,
Stellina‚≠êÔ∏è,66,40,97,,,,,,,,,,
Nesryn,81,35,98,,,,,,,,,,
atea dalla nascita ma me piace troppo sta cosa ,66,35,98,,,,,,,,,,
Suor Ilaria,83,35,98,,,,,,,,,,
gesub,68,35,98,,,,,,,,,,
Jessi,79,35,98,,,,,,,,,,
Petrella,80,35,98,,,,,,,,,,
Redgio79 ,70,35,98,,,,,,,,,,
claudietta,75,35,98,,,,,,,,,,
Fedyinnu,64,35,98,,,,,,,,,,
PopeReveal-PD,71,35,98,,,,,,,,,,
Orcodio XII,81,35,98,,,,,,,,,,
PapaWaigoNdour,70,35,98,,,,,,,,,,
ali,72,35,98,,,,,,,,,,
smartiss,75,35,98,,,,,,,,,,
Fra,64,35,98,,,,,,,,,,
Los papas negros,80,35,98,,,,,,,,,,
Waltersolepapanero,81,35,98,,,,,,,,,,
piccola,90,35,98,,,,,,,,,,
Aboutstefy,64,35,98,,,,,,,,,,
Vescovo Valdobbiadene,61,35,98,,,,,,,,,,
TAMALE,82,35,98,,,,,,,,,,
chelaforzasiaconteahno,89,30,99,,,,,,,,,,
Benedict14,66,30,99,,,,,,,,,,
Fantapapabile,67,30,99,,,,,,,,,,
Farrelforever,79,30,99,,,,,,,,,,
Papabile,76,30,99,,,,,,,,,,
Ilary&Don,83,30,99,,,,,,,,,,
MoonyG,78,30,99,,,,,,,,,,
Pepberg,86,30,99,,,,,,,,,,
Papato2025,82,30,99,,,,,,,,,,
conCLAVERIO,66,30,99,,,,,,,,,,
Rebs,73,30,99,,,,,,,,,,
Loladeborbonis,81,30,99,,,,,,,,,,
Bennipoz,75,30,99,,,,,,,,,,
m.marchesi.org,64,30,99,,,,,,,,,,
senzaclave_,77,30,99,,,,,,,,,,
Raggiodivino,74,30,99,,,,,,,,,,
Alipiazzi,74,30,99,,,,,,,,,,
EugenioPacelli,75,30,99,,,,,,,,,,
Unicornprincess ,58,30,99,,,,,,,,,,
Sara55,74,30,99,,,,,,,,,,
dade126,77,25,100,,,,,,,,,,
Partheric,59,20,101,,,,,,,,,,
Nadiuuzz,67,20,101,,,,,,,,,,
Marianna l,68,20,101,,,,,,,,,,
vinsss,76,20,101,,,,,,,,,,
Sorella_Roma,54,15,102,,,,,,,,,,
sof36,54,15,102,,,,,,,,,,
Gaia,67,15,102,,,,,,,,,,
Cooekks,60,15,102,,,,,,,,,,
SantaSara,64,15,102,,,,,,,,,,
itsbritneybitch ,75,15,102,,,,,,,,,,
Vinprogin,70,15,102,,,,,,,,,,
cupcake,71,15,102,,,,,,,,,,
San C,63,15,102,,,,,,,,,,
Papaneropece,65,10,103,,,,,,,,,,
Papa Razzi,65,10,103,,,,,,,,,,
Eureka,68,10,103,,,,,,,,,,
Cami,88,10,103,,,,,,,,,,
ElTomato,85,10,103,,,,,,,,,,
fiore,63,10,103,,,,,,,,,,
Sigmandfreud,72,10,103,,,,,,,,,,
Papa25,71,10,103,,,,,,,,,,
Theo james,62,10,103,,,,,,,,,,
FC Incensum,65,10,103,,,,,,,,,,
Ary02,69,10,103,,,,,,,,,,
L.A.,75,10,103,,,,,,,,,,
Hazel,70,10,103,,,,,,,,,,
Galgith ,55,10,103,,,,,,,,,,
flaiming,64,10,103,,,,,,,,,,
Ges√π vi vede ,59,10,103,,,,,,,,,,
Mileee,65,10,103,,,,,,,,,,
bea,63,10,103,,,,,,,,,,
Nilde,82,10,103,,,,,,,,,,
sorella fratella amen,72,10,103,,,,,,,,,,
kicone,66,10,103,,,,,,,,,,
sonocontrolachiesa,56,10,103,,,,,,,,,,
Filip.pino,67,10,103,,,,,,,,,,
GeorgeForPope‚ù§Ô∏è,66,10,103,,,,,,,,,,
bettina28,60,10,103,,,,,,,,,,
Tina,69,10,103,,,,,,,,,,
giadss,74,10,103,,,,,,,,,,
Mellymagic,65,10,103,,,,,,,,,,
Papa Waigo II,66,10,103,,,,,,,,,,
Ripapafrancesco,66,10,103,,,,,,,,,,
Maxwell95,70,10,103,,,,,,,,,,
Vicki ,49,10,103,,,,,,,,,,
noemiconc,63,5,104,,,,,,,,,,
troia bagassa,54,5,104,,,,,,,,,,
Il mondo della chiesa Sa,65,5,104,,,,,,,,,,
FantaPapaDiPap√†,52,5,104,,,,,,,,,,
Z4ckkennyazz,51,5,104,,,,,,,,,,
elisa libasci ,56,5,104,,,,,,,,,,
Stefa53268,67,5,104,,,,,,,,,,
dwadada,7,0,105,,,,,,,,,,
Taglegirl,79,0,105,,,,,,,,,,
PapAnna,71,0,105,,,,,,,,,,
Sabry,64,0,105,,,,,,,,,,
SpiritualmenteNighty,84,0,105,,,,,,,,,,
Anemys,66,0,105,,,,,,,,,,
LaLalli,72,0,105,,,,,,,,,,
Matthi Papa,77,0,105,,,,,,,,,,
AveMichela,75,0,105,,,,,,,,,,
Francy_cimanchi,70,0,105,,,,,,,,,,
Larala,82,0,105,,,,,,,,,,
PPPPPPPPOTTERRRRRüíÖüíÖüíÖ,73,0,105,,,,,,,,,,
Bearbante,59,0,105,,,,,,,,,,
DajanoneBabbanone,60,0,105,,,,,,,,,,
Dada,71,0,105,,,,,,,,,,
Ciulia,73,0,105,,,,,,,,,,
buonSM,67,0,105,,,,,,,,,,
betta,51,0,105,,,,,,,,,,
ilylapi√πforte,74,0,105,,,,,,,,,,
francesca ,56,0,105,,,,,,,,,,
francesca,61,0,105,,,,,,,,,,
volevounpapanero,78,0,105,,,,,,,,,,
sofi,57,0,105,,,,,,,,,,
PaPapiazzeri,72,0,105,,,,,,,,,,
Papalella ,63,0,105,,,,,,,,,,
Papaciro10,62,0,105,,,,,,,,,,
aurorelia ottava,62,0,105,,,,,,,,,,
aureola,62,0,105,,,,,,,,,,
Nezhhh,63,0,105,,,,,,,,,,
ficosasy,71,0,105,,,,,,,,,,
diocane pordodioladro,60,0,105,,,,,,,,,,
QueenBey,54,0,105,,,,,,,,,,
Nicki J,74,0,105,,,,,,,,,,
Nelnomedelpadre,51,0,105,,,,,,,,,,
:) ,55,0,105,,,,,,,,,,
Nickname,,,,,,,,,,,,,